id,name,gender,year,semester,level,topic_title,category,program,committee_id,supervisor_id,reviewer_id
1,Содном.Дулмаа,F,2024,SPRING,AVERAGE,Motion-based дасгал хийх тоглоом,Game,Компьютерийн ухаан,1,17,25
2,Сүрэн.Цэцэгмаа,F,2024,SPRING,AVERAGE,NLP ашиглан монгол текст ангилагч,AI,Программ хангамж,2,7,27
3,Бямба.Золо,F,2024,SPRING,AVERAGE,Kubernetes сүлжээний удирдлагын хэрэгсэл,Sys,Мэдээллийн технологи,3,31,11
4,Гэлэг.Солонго,F,2024,SPRING,AVERAGE,Физикийн симуляци 3D орчин,Game,Мультимедийн технологи,4,18,7
5,Гомбожав.Хишигдэлэг,F,2024,SPRING,AVERAGE,Real-time CDC Analytics Pipeline систем,Sys,Мэдээллийн систем,5,9,14
6,Мөнх.Цэдэндамба,F,2024,SPRING,AVERAGE,Порт сканнер ба сүлжээний аюулгүй байдлын хэрэгсэл,Sys,Компьютерийн ухаан,6,25,32
7,Жамбал.Лувсандорж,M,2024,SPRING,AVERAGE,Linux audit framework хөгжүүлэлт,Sys,Программ хангамж,7,25,21
8,Энх.Жаргалсайхан,M,2024,SPRING,EXCELLENT,Deep Learning ашиглан нүүр таних,AI,Мэдээллийн технологи,8,21,35
9,Санжаа.Тамир,M,2024,SPRING,AVERAGE,Порт сканнер ба сүлжээний аюулгүй байдлын хэрэгсэл,Sys,Мультимедийн технологи,9,8,16
10,Ринчин.Солонго,F,2024,SPRING,WEAK,Зан үйл таньж илрүүлэх систем,AI,Мэдээллийн систем,1,21,25
11,Бямба.Бадамсүрэн,F,2024,SPRING,EXCELLENT,Linux audit framework хөгжүүлэлт,Sys,Компьютерийн ухаан,2,31,27
12,Балдан.Оюун,F,2024,SPRING,AVERAGE,LLM суурилсан чат бот хөгжүүлэлт,AI,Программ хангамж,3,1,22
13,Буян.Лхагвасүрэн,F,2024,SPRING,WEAK,Kubernetes сүлжээний удирдлагын хэрэгсэл,Sys,Мэдээллийн технологи,4,27,19
14,Шагдар.Хулан,F,2024,SPRING,AVERAGE,Онлайн сургалтын вэб систем,AppDev,Мультимедийн технологи,5,24,14
15,Санжаа.Мөнхжаргал,F,2024,SPRING,AVERAGE,ETL pipeline автоматжуулалт,Sys,Мэдээллийн систем,6,8,1
16,Буян.Дэлгэрмаа,F,2024,SPRING,AVERAGE,3D цэгэн үүл боловсруулах систем,Game,Компьютерийн ухаан,7,2,21
17,Цэрэн.Нарантуяа,F,2024,SPRING,AVERAGE,NLP ашиглан монгол текст ангилагч,AI,Программ хангамж,8,15,35
18,Гомбожав.Баярсайхан,M,2024,SPRING,AVERAGE,Зан үйл таньж илрүүлэх систем,AI,Мэдээллийн технологи,9,21,30
19,Дамба.Бямбасүрэн,M,2024,SPRING,WEAK,Ресторанны захиалгын мобайл апп,AppDev,Мультимедийн технологи,1,10,31
20,Пүрэв.Гэрэлтуяа,F,2024,SPRING,AVERAGE,AR ашиглан хот төлөвлөлтийн загвар,Game,Мэдээллийн систем,2,17,12
21,Содном.Ундрал,F,2024,SPRING,AVERAGE,NLP ашиглан монгол текст ангилагч,AI,Компьютерийн ухаан,3,13,22
22,Нямаа.Батзориг,M,2024,SPRING,EXCELLENT,VR ашиглан барилгын загвар харах систем,Game,Программ хангамж,4,5,19
23,Шагдар.Нандин,F,2024,SPRING,AVERAGE,AR ашиглан хот төлөвлөлтийн загвар,Game,Мэдээллийн технологи,5,2,34
24,Бямба.Солонго,F,2024,SPRING,AVERAGE,Image Processing ашиглан ургамал таних,AI,Мультимедийн технологи,6,15,1
25,Жигмэд.Нямгэрэл,F,2024,SPRING,WEAK,Deep Learning ашиглан нүүр таних,AI,Мэдээллийн систем,7,1,4
26,Дорж.Тунгалаг,F,2024,SPRING,EXCELLENT,ETL pipeline автоматжуулалт,Sys,Компьютерийн ухаан,8,31,35
27,Норов.Лхагвасүрэн,F,2024,SPRING,AVERAGE,Стратеги тоглоомын AI дайсан,Game,Программ хангамж,9,16,5
28,Цэрэн.Одонтуяа,F,2024,SPRING,AVERAGE,Стратеги тоглоомын AI дайсан,Game,Мэдээллийн технологи,1,2,25
29,Ган.Хишигдэлэг,F,2024,SPRING,AVERAGE,E-Commerce вэб систем хөгжүүлэлт,AppDev,Мультимедийн технологи,2,20,33
30,Гэлэг.Тэмүүлэн,M,2024,SPRING,WEAK,Нийтийн тээврийн хяналтын вэб апп,AppDev,Мэдээллийн систем,3,28,11
31,Буян.Гэрэлтуяа,F,2024,SPRING,WEAK,Real-time CDC Analytics Pipeline систем,Sys,Компьютерийн ухаан,4,33,7
32,Гэлэг.Зундуй,M,2024,SPRING,AVERAGE,Real-time CDC Analytics Pipeline систем,Sys,Программ хангамж,5,31,24
33,Балдан.Отгонтөгс,M,2024,SPRING,EXCELLENT,ERP модуль нэгтгэсэн мобайл апп,AppDev,Мэдээллийн технологи,6,30,3
34,Лодой.Ариунболд,M,2024,SPRING,WEAK,Image Processing ашиглан ургамал таних,AI,Мультимедийн технологи,7,23,2
35,Бат.Нандин,F,2024,SPRING,EXCELLENT,3D цэгэн үүл боловсруулах систем,Game,Мэдээллийн систем,8,26,28
36,Намдаг.Ганболд,M,2024,SPRING,AVERAGE,Motion-based дасгал хийх тоглоом,Game,Компьютерийн ухаан,9,17,16
37,Нацаг.Нармандах,F,2024,SPRING,AVERAGE,Lakehouse архитектур дата инженеринг,Sys,Программ хангамж,1,33,25
38,Галсан.Санжаасүрэн,M,2024,SPRING,EXCELLENT,Real-time CDC Analytics Pipeline систем,Sys,Мэдээллийн технологи,2,9,33
39,Буян.Цэцэгдэлгэр,F,2024,SPRING,AVERAGE,Сургалтын интерактив 3D вэб симуляци,Game,Мультимедийн технологи,3,16,11
40,Жамбал.Нямгэрэл,F,2024,SPRING,EXCELLENT,Real-time CDC Analytics Pipeline систем,Sys,Мэдээллийн систем,4,27,17
41,Гэлэг.Дулмаа,F,2024,SPRING,EXCELLENT,Memory dumper ба форензик хэрэгсэл,Sys,Компьютерийн ухаан,5,11,34
42,Энх.Гунгаасүрэн,M,2024,SPRING,EXCELLENT,Image Processing ашиглан ургамал таних,AI,Программ хангамж,6,7,8
43,Шагдар.Санжаасүрэн,M,2024,SPRING,AVERAGE,VR ашиглан барилгын загвар харах систем,Game,Мэдээллийн технологи,7,17,21
44,Равжаа.Батсайхан,M,2024,SPRING,EXCELLENT,Автомашины уралдааны 3D тоглоом,Game,Мультимедийн технологи,8,2,35
45,Лодой.Дэлгэрцэцэг,F,2024,SPRING,EXCELLENT,Порт сканнер ба сүлжээний аюулгүй байдлын хэрэгсэл,Sys,Мэдээллийн систем,9,25,30
46,Лодой.Оюун,F,2024,SPRING,AVERAGE,Мэдээллийн аюулгүй байдлын аудит систем,Sys,Компьютерийн ухаан,1,25,20
47,Буян.Ганцэцэг,F,2024,SPRING,AVERAGE,Физикийн симуляци 3D орчин,Game,Программ хангамж,2,18,12
48,Равжаа.Нарандэлгэр,F,2024,SPRING,EXCELLENT,Нийтийн тээврийн хяналтын вэб апп,AppDev,Мэдээллийн технологи,3,28,11
49,Ринчин.Буянтогтох,M,2024,SPRING,AVERAGE,Онлайн сургалтын вэб систем,AppDev,Мультимедийн технологи,4,10,19
50,Гомбожав.Баяртөгс,M,2024,SPRING,EXCELLENT,Автомашины уралдааны 3D тоглоом,Game,Мэдээллийн систем,5,18,14
51,Цэрэн.Баяраа,M,2024,SPRING,AVERAGE,Kubernetes сүлжээний удирдлагын хэрэгсэл,Sys,Компьютерийн ухаан,6,9,1
52,Пүрэв.Цэдэндамба,F,2024,SPRING,AVERAGE,ETL pipeline автоматжуулалт,Sys,Программ хангамж,7,25,2
53,Бат.Бурмаа,F,2024,SPRING,AVERAGE,NLP ашиглан монгол текст ангилагч,AI,Мэдээллийн технологи,8,23,18
54,Галсан.Лувсанцэрэн,F,2024,SPRING,AVERAGE,Нийтийн тээврийн хяналтын вэб апп,AppDev,Мультимедийн технологи,9,28,29
55,Ринчин.Ганзориг,M,2024,SPRING,WEAK,Порт сканнер ба сүлжээний аюулгүй байдлын хэрэгсэл,Sys,Мэдээллийн систем,1,9,20
56,Баатар.Баяртөгс,M,2024,SPRING,AVERAGE,LLM суурилсан чат бот хөгжүүлэлт,AI,Компьютерийн ухаан,2,22,27
57,Буян.Эрдэнэбат,M,2024,SPRING,AVERAGE,Онлайн сургалтын вэб систем,AppDev,Программ хангамж,3,35,15
58,Дүгэр.Зоригоо,M,2024,SPRING,WEAK,YOLO ашиглан замын хөдөлгөөний дүн шинжилгээ,AI,Мэдээллийн технологи,4,3,23
59,Дүгэр.Энхмандал,F,2024,SPRING,AVERAGE,Хүний нөөцийн ярилцлагын удирдлагын систем,AppDev,Мультимедийн технологи,5,28,24
60,Нар.Сарантуяа,F,2024,SPRING,EXCELLENT,AR ашиглан хот төлөвлөлтийн загвар,Game,Мэдээллийн систем,6,18,1
61,Галсан.Баатарсүрэн,M,2024,SPRING,WEAK,3D цэгэн үүл боловсруулах систем,Game,Компьютерийн ухаан,7,18,4
62,Гомбо.Пүрэвдорж,M,2024,SPRING,AVERAGE,Сүлжээний гүйцэтгэлийн дүн шинжилгээ,Sys,Программ хангамж,8,11,28
63,Дорж.Баярсайхан,M,2024,SPRING,EXCELLENT,AR ашиглан хот төлөвлөлтийн загвар,Game,Мэдээллийн технологи,9,16,29
64,Норов.Мөнхцэцэг,F,2024,SPRING,AVERAGE,Физикийн симуляци 3D орчин,Game,Мультимедийн технологи,1,5,25
65,Бямба.Цэнгэл,M,2024,SPRING,EXCELLENT,Сургуулийн менежментийн мобайл апп,AppDev,Мэдээллийн систем,2,35,9
66,Галсан.Баттөр,M,2024,SPRING,WEAK,Тархмал систем мониторинг хяналт,Sys,Компьютерийн ухаан,3,25,11
67,Норов.Батзориг,M,2024,SPRING,AVERAGE,Хүний нөөцийн ярилцлагын удирдлагын систем,AppDev,Программ хангамж,4,35,17
68,Дамба.Наранцэцэг,F,2024,SPRING,EXCELLENT,Сургуулийн менежментийн мобайл апп,AppDev,Мэдээллийн технологи,5,20,6
69,Нацаг.Мөнхзул,F,2024,SPRING,AVERAGE,Сагсан бөмбөгийн тэмцээн удирдах вэб платформ,AppDev,Мультимедийн технологи,6,28,8
70,Бямба.Доржготов,M,2024,SPRING,AVERAGE,Сургалтын интерактив 3D вэб симуляци,Game,Мэдээллийн систем,7,18,4
71,Ган.Ариунаа,F,2024,SPRING,WEAK,Lakehouse архитектур дата инженеринг,Sys,Компьютерийн ухаан,8,8,26
72,Шагдар.Буянтогтох,M,2024,SPRING,AVERAGE,Сургуулийн менежментийн мобайл апп,AppDev,Программ хангамж,9,4,16
73,Гомбо.Мөнхзул,F,2024,SPRING,AVERAGE,Сургалтын интерактив 3D вэб симуляци,Game,Мэдээллийн технологи,1,2,20
74,Энх.Ундрал,F,2024,SPRING,AVERAGE,YOLO ашиглан замын хөдөлгөөний дүн шинжилгээ,AI,Мультимедийн технологи,2,19,9
75,Ринчин.Одгэрэл,F,2024,SPRING,EXCELLENT,Хурлын протокол LLM-ээр автоматаар боловсруулах,AI,Мэдээллийн систем,3,34,15
76,Мөнх.Лувсанцэрэн,F,2024,SPRING,AVERAGE,Тархмал систем мониторинг хяналт,Sys,Компьютерийн ухаан,4,9,23
77,Гомбо.Цэрэнпунцаг,F,2024,SPRING,EXCELLENT,Сагсан бөмбөгийн тэмцээн удирдах вэб платформ,AppDev,Программ хангамж,5,10,6
78,Лхам.Туяа,F,2024,SPRING,AVERAGE,ERP модуль нэгтгэсэн мобайл апп,AppDev,Мэдээллийн технологи,6,20,8
79,Нацаг.Отгонбаяр,M,2024,SPRING,WEAK,Монгол нүүдлийн соёлын VR музей,Game,Мультимедийн технологи,7,18,2
80,Нацаг.Эрдэнэбат,M,2024,SPRING,AVERAGE,Бараа агуулахын удирдлагын платформ,AppDev,Мэдээллийн систем,8,4,18
81,Дүгэр.Тамир,M,2024,SPRING,AVERAGE,VR ашиглан барилгын загвар харах систем,Game,Компьютерийн ухаан,9,17,29
82,Пүрэв.Доржготов,M,2024,SPRING,WEAK,Machine Learning ашиглан эрүүл мэндийн оношилгоо,AI,Программ хангамж,1,34,25
83,Гэлэг.Дагиймаа,F,2024,SPRING,EXCELLENT,Физикийн симуляци 3D орчин,Game,Мэдээллийн технологи,2,2,27
84,Содном.Буянтогтох,M,2024,SPRING,AVERAGE,Стратеги тоглоомын AI дайсан,Game,Мультимедийн технологи,3,14,13
85,Балдан.Баттөр,M,2024,SPRING,AVERAGE,AR ашиглан хот төлөвлөлтийн загвар,Game,Мэдээллийн систем,4,5,17
86,Нямаа.Орхон,M,2024,SPRING,AVERAGE,RAG систем ашиглан мэдлэгийн сан,AI,Компьютерийн ухаан,5,29,6
87,Шагдар.Чойжилсүрэн,M,2024,SPRING,AVERAGE,Стратеги тоглоомын AI дайсан,Game,Программ хангамж,6,16,32
88,Ган.Баатарсүрэн,M,2024,SPRING,AVERAGE,Ресторанны захиалгын мобайл апп,AppDev,Мэдээллийн технологи,7,4,21
89,Дүгэр.Нармандах,F,2024,SPRING,WEAK,Бараа агуулахын удирдлагын платформ,AppDev,Мультимедийн технологи,8,24,28
90,Энх.Нямдорж,M,2024,SPRING,WEAK,Memory dumper ба форензик хэрэгсэл,Sys,Мэдээллийн систем,9,33,5
91,Равжаа.Ариунболд,M,2024,SPRING,AVERAGE,Хүний нөөцийн ярилцлагын удирдлагын систем,AppDev,Компьютерийн ухаан,1,30,31
92,Жигмэд.Сарантуяа,F,2024,SPRING,AVERAGE,Сүлжээний гүйцэтгэлийн дүн шинжилгээ,Sys,Программ хангамж,2,9,27
93,Пүрэв.Бадамсүрэн,F,2024,SPRING,WEAK,Motion-based дасгал хийх тоглоом,Game,Мэдээллийн технологи,3,14,15
94,Нямаа.Оюунцэцэг,F,2024,SPRING,WEAK,Тархмал систем мониторинг хяналт,Sys,Мультимедийн технологи,4,33,17
95,Энх.Буянтогтох,F,2024,SPRING,AVERAGE,Сагсан бөмбөгийн тэмцээн удирдах вэб платформ,AppDev,Мэдээллийн систем,5,20,34
96,Буян.Мэргэн,M,2024,SPRING,AVERAGE,ETL pipeline автоматжуулалт,Sys,Компьютерийн ухаан,6,9,1
97,Балдан.Баярсайхан,M,2024,SPRING,WEAK,Lakehouse архитектур дата инженеринг,Sys,Программ хангамж,7,8,2
98,Шагдар.Мөнхцэцэг,F,2024,SPRING,AVERAGE,Сүлжээний гүйцэтгэлийн дүн шинжилгээ,Sys,Мэдээллийн технологи,8,9,26
99,Дүгэр.Ганбаяр,M,2024,SPRING,WEAK,Ресторанны захиалгын мобайл апп,AppDev,Мультимедийн технологи,9,30,5
100,Чулуун.Энхмандал,F,2024,SPRING,AVERAGE,3D цэгэн үүл боловсруулах систем,Game,Мэдээллийн систем,1,17,10
101,Намдаг.Оюунбилэг,F,2024,SPRING,AVERAGE,RAG систем ашиглан мэдлэгийн сан,AI,Компьютерийн ухаан,2,7,27
102,Нацаг.Цэнгэл,M,2024,SPRING,WEAK,Ресторанны захиалгын мобайл апп,AppDev,Программ хангамж,3,10,22
103,Дүгэр.Дулмаа,F,2024,SPRING,AVERAGE,NLP ашиглан монгол текст ангилагч,AI,Мэдээллийн технологи,4,21,23
104,Ган.Ганцэцэг,F,2024,SPRING,AVERAGE,Автомашины уралдааны 3D тоглоом,Game,Мультимедийн технологи,5,17,24
105,Жамбал.Зоригоо,M,2024,SPRING,WEAK,Тархмал систем мониторинг хяналт,Sys,Мэдээллийн систем,6,25,32
106,Жигмэд.Мөнхтулга,M,2024,SPRING,AVERAGE,Хүний нөөцийн ярилцлагын удирдлагын систем,AppDev,Компьютерийн ухаан,7,24,2
107,Пүрэв.Мөнхбаяр,M,2024,SPRING,AVERAGE,Deep Learning ашиглан нүүр таних,AI,Программ хангамж,8,1,35
108,Буян.Цогтбаатар,M,2024,SPRING,AVERAGE,Хурлын протокол LLM-ээр автоматаар боловсруулах,AI,Мэдээллийн технологи,9,13,5
109,Жамбал.Гунгаасүрэн,M,2024,SPRING,AVERAGE,Бараа агуулахын удирдлагын платформ,AppDev,Мультимедийн технологи,1,4,25
110,Жамбал.Алтансүх,M,2024,SPRING,AVERAGE,Порт сканнер ба сүлжээний аюулгүй байдлын хэрэгсэл,Sys,Мэдээллийн систем,2,25,27
111,Норов.Бурмаа,F,2024,SPRING,EXCELLENT,CNN ашиглан шувуу таних систем,AI,Компьютерийн ухаан,3,34,13
112,Буян.Золо,F,2024,SPRING,AVERAGE,Ресторанны захиалгын мобайл апп,AppDev,Программ хангамж,4,30,17
113,Санжаа.Лувсанцэрэн,F,2024,SPRING,AVERAGE,Motion-based дасгал хийх тоглоом,Game,Мэдээллийн технологи,5,16,24
114,Чулуун.Дэлгэрбаяр,M,2024,SPRING,AVERAGE,Сүлжээний гүйцэтгэлийн дүн шинжилгээ,Sys,Мультимедийн технологи,6,31,1
115,Нар.Буянтогтох,F,2024,SPRING,WEAK,Нийтийн тээврийн хяналтын вэб апп,AppDev,Мэдээллийн систем,7,4,21
116,Бат.Энхбат,M,2024,SPRING,EXCELLENT,ETL pipeline автоматжуулалт,Sys,Компьютерийн ухаан,8,27,26
117,Баатар.Баясгалан,M,2024,SPRING,EXCELLENT,LLM суурилсан чат бот хөгжүүлэлт,AI,Программ хангамж,9,7,16
118,Энх.Ганболд,M,2024,SPRING,AVERAGE,CNN ашиглан шувуу таних систем,AI,Мэдээллийн технологи,1,19,20
119,Ган.Мөнхбаяр,M,2024,SPRING,WEAK,E-Commerce вэб систем хөгжүүлэлт,AppDev,Мультимедийн технологи,2,35,9
120,Жамбал.Мөнхтөр,M,2024,SPRING,AVERAGE,Real-time CDC Analytics Pipeline систем,Sys,Мэдээллийн систем,3,27,13
121,Галсан.Доржготов,M,2024,SPRING,AVERAGE,Deep Learning ашиглан нүүр таних,AI,Компьютерийн ухаан,4,3,19
122,Цэвэл.Энхзул,F,2024,SPRING,AVERAGE,Зан үйл таньж илрүүлэх систем,AI,Программ хангамж,5,7,24
123,Гэлэг.Батчимэг,F,2024,SPRING,EXCELLENT,Сургалтын интерактив 3D вэб симуляци,Game,Мэдээллийн технологи,6,5,32
124,Жамц.Нандин,F,2024,SPRING,AVERAGE,Kubernetes сүлжээний удирдлагын хэрэгсэл,Sys,Мультимедийн технологи,7,31,4
125,Ринчин.Жаргалсайхан,M,2024,SPRING,AVERAGE,Memory dumper ба форензик хэрэгсэл,Sys,Мэдээллийн систем,8,25,18
126,Цэрэн.Хишигдэлэг,F,2024,SPRING,AVERAGE,Физикийн симуляци 3D орчин,Game,Компьютерийн ухаан,9,26,5
127,Лхам.Нямдорж,M,2024,SPRING,AVERAGE,Монгол нүүдлийн соёлын VR музей,Game,Программ хангамж,1,26,20
128,Чулуун.Бат-Эрдэнэ,M,2024,SPRING,EXCELLENT,ETL pipeline автоматжуулалт,Sys,Мэдээллийн технологи,2,11,27
129,Жамц.Буянтогтох,F,2024,SPRING,AVERAGE,YOLO ашиглан замын хөдөлгөөний дүн шинжилгээ,AI,Мультимедийн технологи,3,34,11
130,Нацаг.Батчимэг,F,2024,SPRING,EXCELLENT,Machine Learning ашиглан эрүүл мэндийн оношилгоо,AI,Мэдээллийн систем,4,7,19
131,Сүрэн.Баяртөгс,M,2024,SPRING,AVERAGE,Real-time CDC Analytics Pipeline систем,Sys,Компьютерийн ухаан,5,8,24
132,Дорж.Лувсанцэрэн,F,2024,SPRING,EXCELLENT,CNN ашиглан шувуу таних систем,AI,Программ хангамж,6,15,8
133,Лодой.Одгэрэл,F,2024,SPRING,AVERAGE,Порт сканнер ба сүлжээний аюулгүй байдлын хэрэгсэл,Sys,Мэдээллийн технологи,7,9,2
134,Нацаг.Гэрэлтуяа,F,2024,SPRING,AVERAGE,Motion-based дасгал хийх тоглоом,Game,Мультимедийн технологи,8,14,26
135,Дамба.Энхтуяа,F,2024,SPRING,AVERAGE,Хурлын протокол LLM-ээр автоматаар боловсруулах,AI,Мэдээллийн систем,9,7,16
136,Гэлэг.Батмөнх,M,2024,SPRING,AVERAGE,Онлайн сургалтын вэб систем,AppDev,Компьютерийн ухаан,1,12,25
137,Санжаа.Ариунаа,F,2024,SPRING,AVERAGE,ETL pipeline автоматжуулалт,Sys,Программ хангамж,2,8,12
138,Гэлэг.Орхон,M,2024,SPRING,WEAK,Стратеги тоглоомын AI дайсан,Game,Мэдээллийн технологи,3,14,11
139,Баатар.Нарандэлгэр,M,2024,SPRING,AVERAGE,Real-time CDC Analytics Pipeline систем,Sys,Мультимедийн технологи,4,9,17
140,Шагдар.Нармандах,F,2024,SPRING,WEAK,Эмнэлгийн цаг захиалгын вэб систем,AppDev,Мэдээллийн систем,5,24,14
141,Галсан.Хуягбаатар,M,2024,SPRING,EXCELLENT,E-Commerce вэб систем хөгжүүлэлт,AppDev,Компьютерийн ухаан,6,28,3
142,Бат.Золо,F,2024,SPRING,WEAK,Физикийн симуляци 3D орчин,Game,Программ хангамж,7,14,4
143,Буян.Ариунаа,F,2024,SPRING,WEAK,Бараа агуулахын удирдлагын платформ,AppDev,Мэдээллийн технологи,8,35,28
144,Лодой.Мөнхцэцэг,F,2024,SPRING,WEAK,CNN ашиглан шувуу таних систем,AI,Мультимедийн технологи,9,6,30
145,Санжаа.Мөнхтулга,M,2024,SPRING,EXCELLENT,VR ашиглан барилгын загвар харах систем,Game,Мэдээллийн систем,1,18,25
146,Санжаа.Одгэрэл,F,2024,SPRING,AVERAGE,Deep Learning ашиглан нүүр таних,AI,Компьютерийн ухаан,2,21,12
147,Гэлэг.Баяртөгс,M,2024,SPRING,AVERAGE,LLM суурилсан чат бот хөгжүүлэлт,AI,Программ хангамж,3,23,13
148,Жамц.Баясгалан,M,2024,SPRING,WEAK,Тархмал систем мониторинг хяналт,Sys,Мэдээллийн технологи,4,11,17
149,Нямаа.Энхмандал,F,2024,SPRING,AVERAGE,Нийтийн тээврийн хяналтын вэб апп,AppDev,Мультимедийн технологи,5,20,6
150,Ринчин.Орхон,M,2024,SPRING,EXCELLENT,Projection mapping ашиглан урлагийн суулгац,Game,Мэдээллийн систем,6,26,32
151,Равжаа.Мөнхтулга,M,2024,SPRING,AVERAGE,Сүлжээний гүйцэтгэлийн дүн шинжилгээ,Sys,Компьютерийн ухаан,7,31,4
152,Нар.Цэрэн,M,2024,SPRING,AVERAGE,Монгол нүүдлийн соёлын VR музей,Game,Программ хангамж,8,26,28
153,Дорж.Наранцэцэг,F,2024,SPRING,EXCELLENT,Сагсан бөмбөгийн тэмцээн удирдах вэб платформ,AppDev,Мэдээллийн технологи,9,12,29
154,Чулуун.Цэнгэл,M,2024,SPRING,WEAK,YOLO ашиглан замын хөдөлгөөний дүн шинжилгээ,AI,Мультимедийн технологи,1,13,10
155,Бат.Алтансүх,M,2024,SPRING,AVERAGE,NLP ашиглан монгол текст ангилагч,AI,Мэдээллийн систем,2,1,12
156,Нар.Нандин,F,2024,SPRING,AVERAGE,Эмнэлгийн цаг захиалгын вэб систем,AppDev,Компьютерийн ухаан,3,28,15
157,Бат.Гэрэл,F,2024,SPRING,AVERAGE,3D цэгэн үүл боловсруулах систем,Game,Программ хангамж,4,17,19
158,Санжаа.Орхон,M,2024,SPRING,EXCELLENT,ERP модуль нэгтгэсэн мобайл апп,AppDev,Мэдээллийн технологи,5,30,24
159,Энх.Эрдэнэбат,M,2024,SPRING,WEAK,Нийтийн тээврийн хяналтын вэб апп,AppDev,Мультимедийн технологи,6,30,32
160,Энх.Мөнхтулга,M,2024,SPRING,EXCELLENT,LLM суурилсан чат бот хөгжүүлэлт,AI,Мэдээллийн систем,7,19,21
161,Намдаг.Золо,F,2024,SPRING,AVERAGE,Физикийн симуляци 3D орчин,Game,Компьютерийн ухаан,8,2,35
162,Дорж.Дэлгэрцэцэг,F,2024,SPRING,AVERAGE,Физикийн симуляци 3D орчин,Game,Программ хангамж,9,2,29
163,Галсан.Дулмаа,F,2024,SPRING,AVERAGE,RAG систем ашиглан мэдлэгийн сан,AI,Мэдээллийн технологи,1,6,10
164,Чулуун.Отгонтөгс,M,2024,SPRING,WEAK,E-Commerce вэб систем хөгжүүлэлт,AppDev,Мультимедийн технологи,2,28,12
165,Лодой.Гэндэнпэрэнлэй,F,2024,SPRING,WEAK,Machine Learning ашиглан эрүүл мэндийн оношилгоо,AI,Мэдээллийн систем,3,1,13
166,Цэвэл.Баясгалан,M,2024,SPRING,AVERAGE,Сургуулийн менежментийн мобайл апп,AppDev,Компьютерийн ухаан,4,35,23
167,Дүгэр.Хишигдэлэг,F,2024,SPRING,AVERAGE,Физикийн симуляци 3D орчин,Game,Программ хангамж,5,16,14
168,Жигмэд.Лувсанцэрэн,F,2024,SPRING,EXCELLENT,ERP модуль нэгтгэсэн мобайл апп,AppDev,Мэдээллийн технологи,6,20,1
169,Мөнх.Цэнгэл,M,2024,SPRING,AVERAGE,Ресторанны захиалгын мобайл апп,AppDev,Мультимедийн технологи,7,28,4
170,Санжаа.Цэцэгмаа,F,2024,SPRING,EXCELLENT,Онлайн сургалтын вэб систем,AppDev,Мэдээллийн систем,8,4,35
171,Дамба.Золзаяа,F,2024,SPRING,EXCELLENT,Machine Learning ашиглан эрүүл мэндийн оношилгоо,AI,Компьютерийн ухаан,9,32,5
172,Санжаа.Бат-Эрдэнэ,M,2024,SPRING,AVERAGE,ETL pipeline автоматжуулалт,Sys,Программ хангамж,1,9,25
173,Бямба.Наранцэцэг,F,2024,SPRING,AVERAGE,Хурлын протокол LLM-ээр автоматаар боловсруулах,AI,Мэдээллийн технологи,2,34,27
174,Баатар.Гэрэлмаа,F,2024,SPRING,AVERAGE,Порт сканнер ба сүлжээний аюулгүй байдлын хэрэгсэл,Sys,Мультимедийн технологи,3,9,11
175,Дорж.Дулмаа,F,2024,SPRING,WEAK,Real-time CDC Analytics Pipeline систем,Sys,Мэдээллийн систем,4,33,17
176,Мөнх.Мөнхтулга,M,2024,SPRING,AVERAGE,YOLO ашиглан замын хөдөлгөөний дүн шинжилгээ,AI,Компьютерийн ухаан,5,23,6
177,Балдан.Мандхай,F,2024,SPRING,AVERAGE,3D цэгэн үүл боловсруулах систем,Game,Программ хангамж,6,2,32
178,Норов.Наранцэцэг,F,2024,SPRING,WEAK,Image Processing ашиглан ургамал таних,AI,Мэдээллийн технологи,7,13,2
179,Санжаа.Лундэнгийн,M,2024,SPRING,AVERAGE,Порт сканнер ба сүлжээний аюулгүй байдлын хэрэгсэл,Sys,Мультимедийн технологи,8,25,28
180,Жамц.Цэнд,M,2024,SPRING,WEAK,Deep Learning ашиглан нүүр таних,AI,Мэдээллийн систем,9,19,30
181,Лхам.Баатарсүрэн,M,2024,SPRING,EXCELLENT,Image Processing ашиглан ургамал таних,AI,Компьютерийн ухаан,1,6,31
182,Шагдар.Батсайхан,M,2024,SPRING,AVERAGE,Deep Learning ашиглан нүүр таних,AI,Программ хангамж,2,22,9
183,Жигмэд.Хурц,M,2024,SPRING,AVERAGE,Зан үйл таньж илрүүлэх систем,AI,Мэдээллийн технологи,3,34,15
184,Энх.Лувсанцэрэн,F,2024,SPRING,WEAK,Deep Learning ашиглан нүүр таних,AI,Мультимедийн технологи,4,15,17
185,Шагдар.Баяраа,M,2024,SPRING,AVERAGE,ERP модуль нэгтгэсэн мобайл апп,AppDev,Мэдээллийн систем,5,35,14
186,Нацаг.Хурц,M,2024,SPRING,AVERAGE,Сагсан бөмбөгийн тэмцээн удирдах вэб платформ,AppDev,Компьютерийн ухаан,6,30,3
187,Дамба.Мөнхтөр,M,2024,SPRING,WEAK,Projection mapping ашиглан урлагийн суулгац,Game,Программ хангамж,7,17,2
188,Пүрэв.Нандинцэцэг,F,2024,SPRING,EXCELLENT,RAG систем ашиглан мэдлэгийн сан,AI,Мэдээллийн технологи,8,1,35
189,Цэрэн.Цэнгэл,M,2024,SPRING,WEAK,Ресторанны захиалгын мобайл апп,AppDev,Мультимедийн технологи,9,20,16
190,Нямаа.Тунгалаг,F,2024,SPRING,AVERAGE,Machine Learning ашиглан эрүүл мэндийн оношилгоо,AI,Мэдээллийн систем,1,29,25
191,Галсан.Буянтогтох,F,2024,SPRING,AVERAGE,ERP модуль нэгтгэсэн мобайл апп,AppDev,Компьютерийн ухаан,2,20,12
192,Баатар.Баттөр,M,2024,SPRING,AVERAGE,Motion-based дасгал хийх тоглоом,Game,Программ хангамж,3,18,22
193,Равжаа.Гунгаасүрэн,M,2024,SPRING,AVERAGE,Сургалтын интерактив 3D вэб симуляци,Game,Мэдээллийн технологи,4,5,19
194,Нацаг.Цэрэн,M,2024,SPRING,AVERAGE,Linux audit framework хөгжүүлэлт,Sys,Мультимедийн технологи,5,33,6
195,Гомбо.Ганбаяр,M,2024,SPRING,AVERAGE,VR ашиглан барилгын загвар харах систем,Game,Мэдээллийн систем,6,16,1
196,Лодой.Цэнд,M,2024,SPRING,AVERAGE,Ресторанны захиалгын мобайл апп,AppDev,Компьютерийн ухаан,7,30,2
197,Баатар.Цэрэн,M,2024,SPRING,AVERAGE,Machine Learning ашиглан эрүүл мэндийн оношилгоо,AI,Программ хангамж,8,7,35
198,Лхам.Солонго,F,2024,SPRING,AVERAGE,Lakehouse архитектур дата инженеринг,Sys,Мэдээллийн технологи,9,25,16
199,Жамбал.Хурц,M,2024,SPRING,AVERAGE,YOLO ашиглан замын хөдөлгөөний дүн шинжилгээ,AI,Мультимедийн технологи,1,34,10
200,Норов.Ариунболд,M,2024,SPRING,AVERAGE,ETL pipeline автоматжуулалт,Sys,Мэдээллийн систем,2,27,9
201,Нямаа.Буянтогтох,M,2024,FALL,AVERAGE,Real-time CDC Analytics Pipeline систем,Sys,Компьютерийн ухаан,10,27,1
202,Гомбожав.Алтансүх,M,2024,FALL,AVERAGE,LLM суурилсан чат бот хөгжүүлэлт,AI,Программ хангамж,11,7,25
203,Содном.Батхүү,M,2024,FALL,AVERAGE,Motion-based дасгал хийх тоглоом,Game,Мэдээллийн технологи,12,14,9
204,Баатар.Дашдорж,M,2024,FALL,AVERAGE,Хурлын протокол LLM-ээр автоматаар боловсруулах,AI,Мультимедийн технологи,13,6,7
205,Дамба.Туяа,F,2024,FALL,AVERAGE,ETL pipeline автоматжуулалт,Sys,Мэдээллийн систем,14,31,23
206,Намдаг.Цэнд,M,2024,FALL,AVERAGE,Тархмал систем мониторинг хяналт,Sys,Компьютерийн ухаан,15,33,22
207,Лодой.Бат-Эрдэнэ,M,2024,FALL,AVERAGE,Стратеги тоглоомын AI дайсан,Game,Программ хангамж,16,18,26
208,Нар.Дэлгэрбаяр,M,2024,FALL,WEAK,Нийтийн тээврийн хяналтын вэб апп,AppDev,Мэдээллийн технологи,17,35,3
209,Гэлэг.Хишигдэлэг,F,2024,FALL,AVERAGE,Мэдээллийн аюулгүй байдлын аудит систем,Sys,Мультимедийн технологи,18,33,4
210,Санжаа.Нямгэрэл,F,2024,FALL,WEAK,Онлайн сургалтын вэб систем,AppDev,Мэдээллийн систем,10,28,1
211,Нацаг.Самбуу,M,2024,FALL,WEAK,Projection mapping ашиглан урлагийн суулгац,Game,Компьютерийн ухаан,11,26,12
212,Гомбожав.Тэмүүлэн,M,2024,FALL,AVERAGE,Deep Learning ашиглан нүүр таних,AI,Программ хангамж,12,34,27
213,Норов.Баттөр,M,2024,FALL,AVERAGE,Порт сканнер ба сүлжээний аюулгүй байдлын хэрэгсэл,Sys,Мэдээллийн технологи,13,8,24
214,Шагдар.Мөнхжаргал,F,2024,FALL,WEAK,Kubernetes сүлжээний удирдлагын хэрэгсэл,Sys,Мультимедийн технологи,14,31,23
215,Баатар.Дэлгэрцэцэг,F,2024,FALL,AVERAGE,E-Commerce вэб систем хөгжүүлэлт,AppDev,Мэдээллийн систем,15,24,22
216,Жигмэд.Мэргэн,M,2024,FALL,AVERAGE,Стратеги тоглоомын AI дайсан,Game,Компьютерийн ухаан,16,17,6
217,Нямаа.Пүрэвдорж,M,2024,FALL,EXCELLENT,3D цэгэн үүл боловсруулах систем,Game,Программ хангамж,17,2,17
218,Жамбал.Одгэрэл,F,2024,FALL,AVERAGE,Нийтийн тээврийн хяналтын вэб апп,AppDev,Мэдээллийн технологи,18,24,11
219,Нямаа.Дулмаа,F,2024,FALL,AVERAGE,Эмнэлгийн цаг захиалгын вэб систем,AppDev,Мультимедийн технологи,10,20,14
220,Содном.Цэнгэл,M,2024,FALL,WEAK,Ресторанны захиалгын мобайл апп,AppDev,Мэдээллийн систем,11,4,12
221,Дүгэр.Солонго,F,2024,FALL,AVERAGE,YOLO ашиглан замын хөдөлгөөний дүн шинжилгээ,AI,Компьютерийн ухаан,12,6,5
222,Жамц.Оюунцэцэг,F,2024,FALL,AVERAGE,CNN ашиглан шувуу таних систем,AI,Программ хангамж,13,21,32
223,Буян.Нармандах,F,2024,FALL,EXCELLENT,ETL pipeline автоматжуулалт,Sys,Мэдээллийн технологи,14,31,23
224,Лодой.Тамир,M,2024,FALL,AVERAGE,Real-time CDC Analytics Pipeline систем,Sys,Мультимедийн технологи,15,33,22
225,Жамбал.Дулмаа,F,2024,FALL,WEAK,Зан үйл таньж илрүүлэх систем,AI,Мэдээллийн систем,16,13,6
226,Цэрэн.Равдан,M,2024,FALL,WEAK,YOLO ашиглан замын хөдөлгөөний дүн шинжилгээ,AI,Компьютерийн ухаан,17,3,17
227,Бат.Батчимэг,F,2024,FALL,AVERAGE,VR ашиглан барилгын загвар харах систем,Game,Программ хангамж,18,26,35
228,Гомбо.Нандинцэцэг,F,2024,FALL,WEAK,Бараа агуулахын удирдлагын платформ,AppDev,Мэдээллийн технологи,10,12,14
229,Лхам.Гэндэнпэрэнлэй,F,2024,FALL,AVERAGE,RAG систем ашиглан мэдлэгийн сан,AI,Мультимедийн технологи,11,13,16
230,Ринчин.Хишигдэлэг,F,2024,FALL,AVERAGE,Тархмал систем мониторинг хяналт,Sys,Мэдээллийн систем,12,11,27
231,Балдан.Батчимэг,F,2024,FALL,AVERAGE,ETL pipeline автоматжуулалт,Sys,Компьютерийн ухаан,13,33,7
232,Пүрэв.Отгонтөгс,M,2024,FALL,WEAK,Machine Learning ашиглан эрүүл мэндийн оношилгоо,AI,Программ хангамж,14,29,33
233,Ринчин.Нармандах,F,2024,FALL,AVERAGE,Онлайн сургалтын вэб систем,AppDev,Мэдээллийн технологи,15,10,8
234,Норов.Баяртөгс,M,2024,FALL,EXCELLENT,Lakehouse архитектур дата инженеринг,Sys,Мультимедийн технологи,16,27,20
235,Бямба.Цэрэнпунцаг,F,2024,FALL,WEAK,ETL pipeline автоматжуулалт,Sys,Мэдээллийн систем,17,8,17
236,Баатар.Чойжилсүрэн,M,2024,FALL,WEAK,Монгол нүүдлийн соёлын VR музей,Game,Компьютерийн ухаан,18,5,4
237,Санжаа.Дагиймаа,F,2024,FALL,EXCELLENT,ERP модуль нэгтгэсэн мобайл апп,AppDev,Программ хангамж,10,28,1
238,Дүгэр.Гантулга,M,2024,FALL,AVERAGE,Ресторанны захиалгын мобайл апп,AppDev,Мэдээллийн технологи,11,12,25
239,Дорж.Нандинцэцэг,F,2024,FALL,AVERAGE,NLP ашиглан монгол текст ангилагч,AI,Мультимедийн технологи,12,21,27
240,Жамбал.Туяа,F,2024,FALL,AVERAGE,Мэдээллийн аюулгүй байдлын аудит систем,Sys,Мэдээллийн систем,13,9,24
241,Лодой.Батсайхан,M,2024,FALL,AVERAGE,CNN ашиглан шувуу таних систем,AI,Компьютерийн ухаан,14,6,33
242,Цэвэл.Мэргэн,M,2024,FALL,AVERAGE,Lakehouse архитектур дата инженеринг,Sys,Программ хангамж,15,33,13
243,Лодой.Энхмандал,F,2024,FALL,AVERAGE,Эмнэлгийн цаг захиалгын вэб систем,AppDev,Мэдээллийн технологи,16,10,20
244,Цэрэн.Нандин,F,2024,FALL,AVERAGE,Эмнэлгийн цаг захиалгын вэб систем,AppDev,Мультимедийн технологи,17,35,17
245,Энх.Зундуй,M,2024,FALL,AVERAGE,NLP ашиглан монгол текст ангилагч,AI,Мэдээллийн систем,18,34,35
246,Нацаг.Ариунаа,F,2024,FALL,EXCELLENT,Зан үйл таньж илрүүлэх систем,AI,Компьютерийн ухаан,10,19,30
247,Ган.Гэрэл,F,2024,FALL,AVERAGE,Хүний нөөцийн ярилцлагын удирдлагын систем,AppDev,Программ хангамж,11,20,15
248,Шагдар.Амарсайхан,M,2024,FALL,AVERAGE,CNN ашиглан шувуу таних систем,AI,Мэдээллийн технологи,12,32,9
249,Гэлэг.Одгэрэл,F,2024,FALL,WEAK,Сургалтын интерактив 3D вэб симуляци,Game,Мультимедийн технологи,13,14,7
250,Санжаа.Намсрай,M,2024,FALL,AVERAGE,Сургалтын интерактив 3D вэб симуляци,Game,Мэдээллийн систем,14,26,23
251,Баатар.Бурмаа,F,2024,FALL,WEAK,LLM суурилсан чат бот хөгжүүлэлт,AI,Компьютерийн ухаан,15,21,8
252,Лхам.Лундэнгийн,M,2024,FALL,WEAK,E-Commerce вэб систем хөгжүүлэлт,AppDev,Программ хангамж,16,20,26
253,Дүгэр.Баясгалан,M,2024,FALL,AVERAGE,Тархмал систем мониторинг хяналт,Sys,Мэдээллийн технологи,17,25,17
254,Бат.Болд,M,2024,FALL,AVERAGE,Real-time CDC Analytics Pipeline систем,Sys,Мультимедийн технологи,18,25,35
255,Ринчин.Гэрэл,F,2024,FALL,AVERAGE,VR ашиглан барилгын загвар харах систем,Game,Мэдээллийн систем,10,5,30
256,Норов.Намсрай,M,2024,FALL,EXCELLENT,Kubernetes сүлжээний удирдлагын хэрэгсэл,Sys,Компьютерийн ухаан,11,33,15
257,Пүрэв.Гэрэлмаа,F,2024,FALL,EXCELLENT,Deep Learning ашиглан нүүр таних,AI,Программ хангамж,12,6,5
258,Жигмэд.Баярсайхан,M,2024,FALL,AVERAGE,Real-time CDC Analytics Pipeline систем,Sys,Мэдээллийн технологи,13,31,32
259,Галсан.Ундрал,F,2024,FALL,AVERAGE,ERP модуль нэгтгэсэн мобайл апп,AppDev,Мультимедийн технологи,14,28,34
260,Чулуун.Лувсанцэрэн,F,2024,FALL,EXCELLENT,Kubernetes сүлжээний удирдлагын хэрэгсэл,Sys,Мэдээллийн систем,15,33,13
261,Жамбал.Тунгалаг,F,2024,FALL,AVERAGE,CNN ашиглан шувуу таних систем,AI,Компьютерийн ухаан,16,6,26
262,Гэлэг.Туяа,F,2024,FALL,WEAK,ETL pipeline автоматжуулалт,Sys,Программ хангамж,17,27,17
263,Гэлэг.Тунгалаг,F,2024,FALL,AVERAGE,Физикийн симуляци 3D орчин,Game,Мэдээллийн технологи,18,26,11
264,Нямаа.Равдан,M,2024,FALL,AVERAGE,ETL pipeline автоматжуулалт,Sys,Мультимедийн технологи,10,33,30
265,Жамц.Золзаяа,F,2024,FALL,AVERAGE,Linux audit framework хөгжүүлэлт,Sys,Мэдээллийн систем,11,25,12
266,Шагдар.Ариунболд,M,2024,FALL,AVERAGE,ERP модуль нэгтгэсэн мобайл апп,AppDev,Компьютерийн ухаан,12,35,21
267,Пүрэв.Сарантуяа,F,2024,FALL,EXCELLENT,NLP ашиглан монгол текст ангилагч,AI,Программ хангамж,13,1,24
268,Гомбо.Дамдинсүрэн,M,2024,FALL,AVERAGE,RAG систем ашиглан мэдлэгийн сан,AI,Мэдээллийн технологи,14,3,34
269,Нацаг.Бат-Эрдэнэ,M,2024,FALL,AVERAGE,NLP ашиглан монгол текст ангилагч,AI,Мультимедийн технологи,15,34,13
270,Ринчин.Хурц,M,2024,FALL,AVERAGE,RAG систем ашиглан мэдлэгийн сан,AI,Мэдээллийн систем,16,13,20
271,Ринчин.Золо,F,2024,FALL,WEAK,Хүний нөөцийн ярилцлагын удирдлагын систем,AppDev,Компьютерийн ухаан,17,35,3
272,Гэлэг.Баяраа,M,2024,FALL,AVERAGE,Хурлын протокол LLM-ээр автоматаар боловсруулах,AI,Программ хангамж,18,15,35
273,Содном.Энхзул,F,2024,FALL,EXCELLENT,Ресторанны захиалгын мобайл апп,AppDev,Мэдээллийн технологи,10,28,18
274,Жамц.Хишигдэлэг,F,2024,FALL,AVERAGE,LLM суурилсан чат бот хөгжүүлэлт,AI,Мультимедийн технологи,11,6,16
275,Нар.Оюунцэцэг,F,2024,FALL,EXCELLENT,Тархмал систем мониторинг хяналт,Sys,Мэдээллийн систем,12,27,21
276,Балдан.Халиун,F,2024,FALL,AVERAGE,Автомашины уралдааны 3D тоглоом,Game,Компьютерийн ухаан,13,17,10
277,Нацаг.Оюун,F,2024,FALL,WEAK,CNN ашиглан шувуу таних систем,AI,Программ хангамж,14,3,23
278,Дорж.Энхтуяа,F,2024,FALL,AVERAGE,Зан үйл таньж илрүүлэх систем,AI,Мэдээллийн технологи,15,21,22
279,Жигмэд.Бурмаа,F,2024,FALL,AVERAGE,Монгол нүүдлийн соёлын VR музей,Game,Мультимедийн технологи,16,16,29
280,Цэрэн.Нандинцэцэг,F,2024,FALL,EXCELLENT,LLM суурилсан чат бот хөгжүүлэлт,AI,Мэдээллийн систем,17,13,28
281,Чулуун.Самбуу,M,2024,FALL,AVERAGE,Machine Learning ашиглан эрүүл мэндийн оношилгоо,AI,Компьютерийн ухаан,18,6,31
282,Цэрэн.Оюунцэцэг,F,2024,FALL,AVERAGE,Lakehouse архитектур дата инженеринг,Sys,Программ хангамж,10,31,1
283,Цэрэн.Батсайхан,M,2024,FALL,WEAK,Ресторанны захиалгын мобайл апп,AppDev,Мэдээллийн технологи,11,30,16
284,Сүрэн.Туяа,F,2024,FALL,AVERAGE,NLP ашиглан монгол текст ангилагч,AI,Мультимедийн технологи,12,34,21
285,Нацаг.Алтансүх,M,2024,FALL,EXCELLENT,Сүлжээний гүйцэтгэлийн дүн шинжилгээ,Sys,Мэдээллийн систем,13,25,32
286,Дорж.Баяртөгс,M,2024,FALL,AVERAGE,Projection mapping ашиглан урлагийн суулгац,Game,Компьютерийн ухаан,14,2,19
287,Нямаа.Болд,M,2024,FALL,AVERAGE,Machine Learning ашиглан эрүүл мэндийн оношилгоо,AI,Программ хангамж,15,23,13
288,Сүрэн.Ариунболд,M,2024,FALL,AVERAGE,Нийтийн тээврийн хяналтын вэб апп,AppDev,Мэдээллийн технологи,16,24,6
289,Жамбал.Буянтогтох,F,2024,FALL,AVERAGE,Image Processing ашиглан ургамал таних,AI,Мультимедийн технологи,17,1,28
290,Гомбо.Мөнхцэцэг,F,2024,FALL,AVERAGE,YOLO ашиглан замын хөдөлгөөний дүн шинжилгээ,AI,Мэдээллийн систем,18,23,11
291,Жамц.Баттөр,M,2024,FALL,AVERAGE,YOLO ашиглан замын хөдөлгөөний дүн шинжилгээ,AI,Компьютерийн ухаан,10,15,18
292,Жамбал.Батсайхан,M,2024,FALL,WEAK,Эмнэлгийн цаг захиалгын вэб систем,AppDev,Программ хангамж,11,12,16
293,Жигмэд.Дэлгэрцэцэг,F,2024,FALL,EXCELLENT,Сүлжээний гүйцэтгэлийн дүн шинжилгээ,Sys,Мэдээллийн технологи,12,31,27
294,Буян.Лундэнгийн,M,2024,FALL,EXCELLENT,Эмнэлгийн цаг захиалгын вэб систем,AppDev,Мультимедийн технологи,13,10,32
295,Санжаа.Хулан,F,2024,FALL,EXCELLENT,E-Commerce вэб систем хөгжүүлэлт,AppDev,Мэдээллийн систем,14,12,33
296,Лхам.Нандинцэцэг,F,2024,FALL,AVERAGE,Бараа агуулахын удирдлагын платформ,AppDev,Компьютерийн ухаан,15,12,13
297,Содном.Хурц,M,2024,FALL,WEAK,Онлайн сургалтын вэб систем,AppDev,Программ хангамж,16,35,29
298,Нацаг.Орхон,M,2024,FALL,AVERAGE,Image Processing ашиглан ургамал таних,AI,Мэдээллийн технологи,17,1,3
299,Нацаг.Мандхай,F,2024,FALL,EXCELLENT,Физикийн симуляци 3D орчин,Game,Мультимедийн технологи,18,14,11
300,Лхам.Нямгэрэл,F,2024,FALL,AVERAGE,Тархмал систем мониторинг хяналт,Sys,Мэдээллийн систем,10,9,30
301,Жамбал.Батчимэг,F,2025,SPRING,AVERAGE,LLM суурилсан чат бот хөгжүүлэлт,AI,Компьютерийн ухаан,19,32,24
302,Нямаа.Ганболд,M,2025,SPRING,AVERAGE,Memory dumper ба форензик хэрэгсэл,Sys,Программ хангамж,20,33,13
303,Содном.Отгонбаяр,M,2025,SPRING,AVERAGE,Linux audit framework хөгжүүлэлт,Sys,Мэдээллийн технологи,21,31,2
304,Ган.Бат-Эрдэнэ,M,2025,SPRING,AVERAGE,Хүний нөөцийн ярилцлагын удирдлагын систем,AppDev,Мультимедийн технологи,22,4,31
305,Цэрэн.Ганбаяр,M,2025,SPRING,AVERAGE,Мэдээллийн аюулгүй байдлын аудит систем,Sys,Мэдээллийн систем,23,8,21
306,Энх.Оюун,F,2025,SPRING,AVERAGE,Стратеги тоглоомын AI дайсан,Game,Компьютерийн ухаан,24,5,18
307,Намдаг.Цэцэгдэлгэр,F,2025,SPRING,AVERAGE,3D цэгэн үүл боловсруулах систем,Game,Программ хангамж,25,17,8
308,Пүрэв.Намсрай,M,2025,SPRING,AVERAGE,Machine Learning ашиглан эрүүл мэндийн оношилгоо,AI,Мэдээллийн технологи,26,34,12
309,Бат.Дэлгэрмаа,F,2025,SPRING,AVERAGE,RAG систем ашиглан мэдлэгийн сан,AI,Мультимедийн технологи,27,22,14
310,Содном.Мөнхзул,F,2025,SPRING,WEAK,Физикийн симуляци 3D орчин,Game,Мэдээллийн систем,19,26,16
311,Сүрэн.Баясгалан,M,2025,SPRING,AVERAGE,Ресторанны захиалгын мобайл апп,AppDev,Компьютерийн ухаан,20,28,11
312,Жамц.Гэрэл,F,2025,SPRING,AVERAGE,Автомашины уралдааны 3D тоглоом,Game,Программ хангамж,21,2,9
313,Гомбожав.Оюунбилэг,F,2025,SPRING,WEAK,Image Processing ашиглан ургамал таних,AI,Мэдээллийн технологи,22,6,28
314,Цэрэн.Гантулга,M,2025,SPRING,AVERAGE,Хүний нөөцийн ярилцлагын удирдлагын систем,AppDev,Мультимедийн технологи,23,10,21
315,Жигмэд.Хишигдэлэг,F,2025,SPRING,AVERAGE,Эмнэлгийн цаг захиалгын вэб систем,AppDev,Мэдээллийн систем,24,24,15
316,Жамц.Солонго,F,2025,SPRING,EXCELLENT,3D цэгэн үүл боловсруулах систем,Game,Компьютерийн ухаан,25,18,8
317,Гомбожав.Чойжилсүрэн,M,2025,SPRING,AVERAGE,Deep Learning ашиглан нүүр таних,AI,Программ хангамж,26,32,17
318,Содном.Оюунбилэг,F,2025,SPRING,AVERAGE,Image Processing ашиглан ургамал таних,AI,Мэдээллийн технологи,27,29,5
319,Баатар.Оюунбилэг,F,2025,SPRING,EXCELLENT,ETL pipeline автоматжуулалт,Sys,Мультимедийн технологи,19,25,16
320,Равжаа.Лхагвасүрэн,F,2025,SPRING,AVERAGE,RAG систем ашиглан мэдлэгийн сан,AI,Мэдээллийн систем,20,19,13
321,Балдан.Дэлгэрмаа,F,2025,SPRING,AVERAGE,Стратеги тоглоомын AI дайсан,Game,Компьютерийн ухаан,21,5,34
322,Пүрэв.Туяа,F,2025,SPRING,AVERAGE,Физикийн симуляци 3D орчин,Game,Программ хангамж,22,2,31
323,Цэрэн.Ганцэцэг,F,2025,SPRING,AVERAGE,E-Commerce вэб систем хөгжүүлэлт,AppDev,Мэдээллийн технологи,23,28,32
324,Дамба.Нарандэлгэр,M,2025,SPRING,WEAK,Стратеги тоглоомын AI дайсан,Game,Мультимедийн технологи,24,2,15
325,Равжаа.Эрдэнэбат,M,2025,SPRING,EXCELLENT,Онлайн сургалтын вэб систем,AppDev,Мэдээллийн систем,25,30,8
326,Лодой.Батмөнх,M,2025,SPRING,AVERAGE,Хурлын протокол LLM-ээр автоматаар боловсруулах,AI,Компьютерийн ухаан,26,19,17
327,Ган.Гантулга,M,2025,SPRING,WEAK,Монгол нүүдлийн соёлын VR музей,Game,Программ хангамж,27,17,14
328,Жамц.Оюунбилэг,F,2025,SPRING,EXCELLENT,Сүлжээний гүйцэтгэлийн дүн шинжилгээ,Sys,Мэдээллийн технологи,19,27,16
329,Равжаа.Баяртөгс,M,2025,SPRING,AVERAGE,ETL pipeline автоматжуулалт,Sys,Мультимедийн технологи,20,25,19
330,Мөнх.Мэргэн,M,2025,SPRING,EXCELLENT,Мэдээллийн аюулгүй байдлын аудит систем,Sys,Мэдээллийн систем,21,8,26
331,Гомбо.Жаргалсайхан,M,2025,SPRING,AVERAGE,Ресторанны захиалгын мобайл апп,AppDev,Компьютерийн ухаан,22,35,23
332,Дорж.Пүрэвдорж,M,2025,SPRING,AVERAGE,Kubernetes сүлжээний удирдлагын хэрэгсэл,Sys,Программ хангамж,23,9,20
333,Чулуун.Мандхай,F,2025,SPRING,AVERAGE,Бараа агуулахын удирдлагын платформ,AppDev,Мэдээллийн технологи,24,30,6
334,Гомбожав.Баясгалан,M,2025,SPRING,AVERAGE,Монгол нүүдлийн соёлын VR музей,Game,Мультимедийн технологи,25,18,8
335,Нар.Болд,M,2025,SPRING,AVERAGE,VR ашиглан барилгын загвар харах систем,Game,Мэдээллийн систем,26,2,12
336,Намдаг.Зоригоо,M,2025,SPRING,AVERAGE,Ресторанны захиалгын мобайл апп,AppDev,Компьютерийн ухаан,27,10,33
337,Чулуун.Зундуй,M,2025,SPRING,AVERAGE,Memory dumper ба форензик хэрэгсэл,Sys,Программ хангамж,19,31,22
338,Бямба.Эрдэнэбат,M,2025,SPRING,AVERAGE,Linux audit framework хөгжүүлэлт,Sys,Мэдээллийн технологи,20,9,13
339,Бат.Оюунцэцэг,F,2025,SPRING,WEAK,Порт сканнер ба сүлжээний аюулгүй байдлын хэрэгсэл,Sys,Мультимедийн технологи,21,9,2
340,Норов.Дэлгэрмаа,F,2025,SPRING,AVERAGE,Real-time CDC Analytics Pipeline систем,Sys,Мэдээллийн систем,22,8,4
341,Гомбо.Батчимэг,F,2025,SPRING,AVERAGE,Image Processing ашиглан ургамал таних,AI,Компьютерийн ухаан,23,13,1
342,Балдан.Одгэрэл,F,2025,SPRING,EXCELLENT,ERP модуль нэгтгэсэн мобайл апп,AppDev,Программ хангамж,24,4,18
343,Жигмэд.Эрдэнэбат,M,2025,SPRING,AVERAGE,Автомашины уралдааны 3D тоглоом,Game,Мэдээллийн технологи,25,5,3
344,Бямба.Энхтөр,M,2025,SPRING,EXCELLENT,Хүний нөөцийн ярилцлагын удирдлагын систем,AppDev,Мультимедийн технологи,26,4,35
345,Галсан.Ганбаяр,M,2025,SPRING,WEAK,Тархмал систем мониторинг хяналт,Sys,Мэдээллийн систем,27,31,5
346,Равжаа.Зундуй,M,2025,SPRING,EXCELLENT,Эмнэлгийн цаг захиалгын вэб систем,AppDev,Компьютерийн ухаан,19,24,16
347,Цэвэл.Цэнгэл,M,2025,SPRING,EXCELLENT,Image Processing ашиглан ургамал таних,AI,Программ хангамж,20,1,27
348,Балдан.Цэцэгдэлгэр,F,2025,SPRING,WEAK,Linux audit framework хөгжүүлэлт,Sys,Мэдээллийн технологи,21,27,34
349,Шагдар.Батхүү,M,2025,SPRING,AVERAGE,Стратеги тоглоомын AI дайсан,Game,Мультимедийн технологи,22,16,28
350,Ган.Оюун,F,2025,SPRING,AVERAGE,Motion-based дасгал хийх тоглоом,Game,Мэдээллийн систем,23,14,20
351,Дамба.Хишигдэлэг,F,2025,SPRING,AVERAGE,Linux audit framework хөгжүүлэлт,Sys,Компьютерийн ухаан,24,11,18
352,Жамбал.Гэрэл,F,2025,SPRING,WEAK,E-Commerce вэб систем хөгжүүлэлт,AppDev,Программ хангамж,25,35,29
353,Санжаа.Хурц,M,2025,SPRING,AVERAGE,Image Processing ашиглан ургамал таних,AI,Мэдээллийн технологи,26,6,35
354,Шагдар.Нарантуяа,F,2025,SPRING,AVERAGE,Linux audit framework хөгжүүлэлт,Sys,Мультимедийн технологи,27,33,5
355,Галсан.Цэнд,M,2025,SPRING,EXCELLENT,Порт сканнер ба сүлжээний аюулгүй байдлын хэрэгсэл,Sys,Мэдээллийн систем,19,25,16
356,Норов.Бат-Эрдэнэ,M,2025,SPRING,AVERAGE,Эмнэлгийн цаг захиалгын вэб систем,AppDev,Компьютерийн ухаан,20,10,11
357,Жамбал.Бадамсүрэн,F,2025,SPRING,AVERAGE,Эмнэлгийн цаг захиалгын вэб систем,AppDev,Программ хангамж,21,4,34
358,Жамбал.Самбуу,M,2025,SPRING,AVERAGE,Автомашины уралдааны 3D тоглоом,Game,Мэдээллийн технологи,22,18,23
359,Санжаа.Хишигдэлэг,F,2025,SPRING,EXCELLENT,Нийтийн тээврийн хяналтын вэб апп,AppDev,Мультимедийн технологи,23,35,1
360,Ринчин.Намсрай,M,2025,SPRING,AVERAGE,Сүлжээний гүйцэтгэлийн дүн шинжилгээ,Sys,Мэдээллийн систем,24,27,15
361,Сүрэн.Хуягбаатар,M,2025,SPRING,EXCELLENT,Сургалтын интерактив 3D вэб симуляци,Game,Компьютерийн ухаан,25,14,10
362,Санжаа.Золзаяа,F,2025,SPRING,AVERAGE,Порт сканнер ба сүлжээний аюулгүй байдлын хэрэгсэл,Sys,Программ хангамж,26,8,12
363,Дорж.Гэрэлмаа,F,2025,SPRING,AVERAGE,Memory dumper ба форензик хэрэгсэл,Sys,Мэдээллийн технологи,27,33,5
364,Дорж.Алтансүх,M,2025,SPRING,AVERAGE,Нийтийн тээврийн хяналтын вэб апп,AppDev,Мультимедийн технологи,19,12,24
365,Дамба.Цэцэгмаа,F,2025,SPRING,AVERAGE,Эмнэлгийн цаг захиалгын вэб систем,AppDev,Мэдээллийн систем,20,12,19
366,Сүрэн.Нандин,F,2025,SPRING,WEAK,Физикийн симуляци 3D орчин,Game,Компьютерийн ухаан,21,26,2
367,Цэвэл.Ганбаяр,M,2025,SPRING,WEAK,Мэдээллийн аюулгүй байдлын аудит систем,Sys,Программ хангамж,22,25,23
368,Дүгэр.Номин,F,2025,SPRING,AVERAGE,LLM суурилсан чат бот хөгжүүлэлт,AI,Мэдээллийн технологи,23,21,32
369,Гэлэг.Ариунаа,F,2025,SPRING,AVERAGE,NLP ашиглан монгол текст ангилагч,AI,Мультимедийн технологи,24,21,6
370,Жамбал.Халиун,F,2025,SPRING,WEAK,Сүлжээний гүйцэтгэлийн дүн шинжилгээ,Sys,Мэдээллийн систем,25,8,3
371,Цэрэн.Наранцэцэг,F,2025,SPRING,AVERAGE,Стратеги тоглоомын AI дайсан,Game,Компьютерийн ухаан,26,26,35
372,Жамц.Цэцэгмаа,F,2025,SPRING,AVERAGE,Lakehouse архитектур дата инженеринг,Sys,Программ хангамж,27,31,5
373,Чулуун.Солонго,F,2025,SPRING,AVERAGE,YOLO ашиглан замын хөдөлгөөний дүн шинжилгээ,AI,Мэдээллийн технологи,19,23,16
374,Дүгэр.Мөнхцэцэг,F,2025,SPRING,AVERAGE,RAG систем ашиглан мэдлэгийн сан,AI,Мультимедийн технологи,20,29,11
375,Сүрэн.Нарантуяа,F,2025,SPRING,EXCELLENT,Projection mapping ашиглан урлагийн суулгац,Game,Мэдээллийн систем,21,17,26
376,Намдаг.Энхбат,M,2025,SPRING,AVERAGE,Deep Learning ашиглан нүүр таних,AI,Компьютерийн ухаан,22,3,31
377,Санжаа.Тунгалаг,F,2025,SPRING,AVERAGE,CNN ашиглан шувуу таних систем,AI,Программ хангамж,23,32,21
378,Дамба.Отгонтөгс,M,2025,SPRING,EXCELLENT,Сагсан бөмбөгийн тэмцээн удирдах вэб платформ,AppDev,Мэдээллийн технологи,24,4,6
379,Дорж.Санжаасүрэн,M,2025,SPRING,EXCELLENT,Автомашины уралдааны 3D тоглоом,Game,Мультимедийн технологи,25,26,8
380,Бямба.Пүрэвдорж,M,2025,SPRING,WEAK,VR ашиглан барилгын загвар харах систем,Game,Мэдээллийн систем,26,17,12
381,Содном.Дэлгэрмаа,F,2025,SPRING,AVERAGE,Linux audit framework хөгжүүлэлт,Sys,Компьютерийн ухаан,27,25,33
382,Гэлэг.Нандинцэцэг,F,2025,SPRING,AVERAGE,Deep Learning ашиглан нүүр таних,AI,Программ хангамж,19,23,22
383,Цэвэл.Буянтогтох,M,2025,SPRING,AVERAGE,Image Processing ашиглан ургамал таних,AI,Мэдээллийн технологи,20,19,27
384,Санжаа.Ганцэцэг,F,2025,SPRING,WEAK,Ресторанны захиалгын мобайл апп,AppDev,Мультимедийн технологи,21,30,34
385,Бямба.Дэлгэрмаа,F,2025,SPRING,AVERAGE,ETL pipeline автоматжуулалт,Sys,Мэдээллийн систем,22,9,4
386,Бямба.Дэлгэрбаяр,M,2025,SPRING,AVERAGE,Мэдээллийн аюулгүй байдлын аудит систем,Sys,Компьютерийн ухаан,23,9,32
387,Содном.Оюунцэцэг,F,2025,SPRING,WEAK,Machine Learning ашиглан эрүүл мэндийн оношилгоо,AI,Программ хангамж,24,3,6
388,Жигмэд.Нандин,F,2025,SPRING,AVERAGE,Зан үйл таньж илрүүлэх систем,AI,Мэдээллийн технологи,25,29,3
389,Ринчин.Нарандэлгэр,F,2025,SPRING,EXCELLENT,Автомашины уралдааны 3D тоглоом,Game,Мультимедийн технологи,26,2,30
390,Цэвэл.Отгонтөгс,M,2025,SPRING,AVERAGE,E-Commerce вэб систем хөгжүүлэлт,AppDev,Мэдээллийн систем,27,24,5
391,Буян.Одгэрэл,F,2025,SPRING,AVERAGE,Автомашины уралдааны 3D тоглоом,Game,Компьютерийн ухаан,19,17,16
392,Балдан.Гэрэлтуяа,F,2025,SPRING,AVERAGE,Ресторанны захиалгын мобайл апп,AppDev,Программ хангамж,20,30,27
393,Нар.Цогтбаатар,M,2025,SPRING,EXCELLENT,Зан үйл таньж илрүүлэх систем,AI,Мэдээллийн технологи,21,15,26
394,Мөнх.Гэрэлтуяа,F,2025,SPRING,AVERAGE,Бараа агуулахын удирдлагын платформ,AppDev,Мультимедийн технологи,22,35,28
395,Жамц.Мандхай,F,2025,SPRING,AVERAGE,LLM суурилсан чат бот хөгжүүлэлт,AI,Мэдээллийн систем,23,21,1
396,Галсан.Лхагвасүрэн,F,2025,SPRING,AVERAGE,VR ашиглан барилгын загвар харах систем,Game,Компьютерийн ухаан,24,17,18
397,Шагдар.Бат-Эрдэнэ,M,2025,SPRING,AVERAGE,ERP модуль нэгтгэсэн мобайл апп,AppDev,Программ хангамж,25,4,8
398,Галсан.Гэндэнпэрэнлэй,F,2025,SPRING,WEAK,Deep Learning ашиглан нүүр таних,AI,Мэдээллийн технологи,26,29,12
399,Гомбожав.Одонтуяа,F,2025,SPRING,AVERAGE,Real-time CDC Analytics Pipeline систем,Sys,Мультимедийн технологи,27,8,14
400,Балдан.Орхон,M,2025,SPRING,AVERAGE,Физикийн симуляци 3D орчин,Game,Мэдээллийн систем,19,26,16
401,Энх.Бадамсүрэн,F,2025,SPRING,WEAK,Тархмал систем мониторинг хяналт,Sys,Компьютерийн ухаан,20,8,11
402,Цэрэн.Ганзориг,M,2025,SPRING,EXCELLENT,Kubernetes сүлжээний удирдлагын хэрэгсэл,Sys,Программ хангамж,21,25,26
403,Норов.Лувсанцэрэн,F,2025,SPRING,WEAK,RAG систем ашиглан мэдлэгийн сан,AI,Мэдээллийн технологи,22,34,4
404,Содном.Бадамсүрэн,F,2025,SPRING,AVERAGE,Мэдээллийн аюулгүй байдлын аудит систем,Sys,Мультимедийн технологи,23,27,32
405,Равжаа.Хишигдэлэг,F,2025,SPRING,EXCELLENT,CNN ашиглан шувуу таних систем,AI,Мэдээллийн систем,24,22,18
406,Мөнх.Батчимэг,F,2025,SPRING,WEAK,Бараа агуулахын удирдлагын платформ,AppDev,Компьютерийн ухаан,25,20,10
407,Дамба.Нарантуяа,F,2025,SPRING,EXCELLENT,VR ашиглан барилгын загвар харах систем,Game,Программ хангамж,26,14,30
408,Пүрэв.Ариунаа,F,2025,SPRING,AVERAGE,Физикийн симуляци 3D орчин,Game,Мэдээллийн технологи,27,16,33
409,Бат.Цэнд,M,2025,SPRING,AVERAGE,AR ашиглан хот төлөвлөлтийн загвар,Game,Мультимедийн технологи,19,16,24
410,Баатар.Равдан,M,2025,SPRING,AVERAGE,Machine Learning ашиглан эрүүл мэндийн оношилгоо,AI,Мэдээллийн систем,20,7,13
411,Гомбо.Гэрэлмаа,F,2025,SPRING,WEAK,VR ашиглан барилгын загвар харах систем,Game,Компьютерийн ухаан,21,17,34
412,Лодой.Ариунаа,F,2025,SPRING,AVERAGE,Хурлын протокол LLM-ээр автоматаар боловсруулах,AI,Программ хангамж,22,13,23
413,Лхам.Мандхай,F,2025,SPRING,WEAK,Нийтийн тээврийн хяналтын вэб апп,AppDev,Мэдээллийн технологи,23,35,21
414,Сүрэн.Дэлгэрмаа,F,2025,SPRING,AVERAGE,Стратеги тоглоомын AI дайсан,Game,Мультимедийн технологи,24,16,25
415,Нар.Алтансүх,M,2025,SPRING,AVERAGE,LLM суурилсан чат бот хөгжүүлэлт,AI,Мэдээллийн систем,25,6,3
416,Шагдар.Равдан,M,2025,SPRING,EXCELLENT,VR ашиглан барилгын загвар харах систем,Game,Компьютерийн ухаан,26,16,17
417,Энх.Батчулуун,M,2025,SPRING,WEAK,Хүний нөөцийн ярилцлагын удирдлагын систем,AppDev,Программ хангамж,27,24,14
418,Галсан.Ариунаа,F,2025,SPRING,WEAK,Machine Learning ашиглан эрүүл мэндийн оношилгоо,AI,Мэдээллийн технологи,19,6,7
419,Балдан.Батзориг,M,2025,SPRING,WEAK,Сургалтын интерактив 3D вэб симуляци,Game,Мультимедийн технологи,20,17,27
420,Сүрэн.Наранцэцэг,F,2025,SPRING,AVERAGE,Machine Learning ашиглан эрүүл мэндийн оношилгоо,AI,Мэдээллийн систем,21,21,9
421,Дүгэр.Оюун,F,2025,SPRING,AVERAGE,Нийтийн тээврийн хяналтын вэб апп,AppDev,Компьютерийн ухаан,22,4,23
422,Ган.Ганзориг,M,2025,SPRING,EXCELLENT,Image Processing ашиглан ургамал таних,AI,Программ хангамж,23,6,20
423,Лодой.Орхон,M,2025,SPRING,EXCELLENT,ERP модуль нэгтгэсэн мобайл апп,AppDev,Мэдээллийн технологи,24,24,25
424,Галсан.Тунгалаг,F,2025,SPRING,WEAK,AR ашиглан хот төлөвлөлтийн загвар,Game,Мультимедийн технологи,25,17,8
425,Цэрэн.Доржготов,M,2025,SPRING,WEAK,Бараа агуулахын удирдлагын платформ,AppDev,Мэдээллийн систем,26,20,12
426,Гомбожав.Нарантуяа,F,2025,SPRING,AVERAGE,E-Commerce вэб систем хөгжүүлэлт,AppDev,Компьютерийн ухаан,27,30,33
427,Санжаа.Цэнгэл,M,2025,SPRING,AVERAGE,Kubernetes сүлжээний удирдлагын хэрэгсэл,Sys,Программ хангамж,19,27,7
428,Лхам.Оюунбилэг,F,2025,SPRING,EXCELLENT,Kubernetes сүлжээний удирдлагын хэрэгсэл,Sys,Мэдээллийн технологи,20,11,13
429,Ринчин.Гунгаасүрэн,M,2025,SPRING,WEAK,Монгол нүүдлийн соёлын VR музей,Game,Мультимедийн технологи,21,26,2
430,Жамц.Пүрэвдорж,M,2025,SPRING,AVERAGE,Real-time CDC Analytics Pipeline систем,Sys,Мэдээллийн систем,22,25,23
431,Санжаа.Хуягбаатар,M,2025,SPRING,EXCELLENT,Монгол нүүдлийн соёлын VR музей,Game,Компьютерийн ухаан,23,5,21
432,Бямба.Гунгаасүрэн,M,2025,SPRING,AVERAGE,Image Processing ашиглан ургамал таних,AI,Программ хангамж,24,34,25
433,Сүрэн.Энхмандал,F,2025,SPRING,AVERAGE,Сургуулийн менежментийн мобайл апп,AppDev,Мэдээллийн технологи,25,35,10
434,Ринчин.Цэрэнпунцаг,F,2025,SPRING,AVERAGE,3D цэгэн үүл боловсруулах систем,Game,Мультимедийн технологи,26,2,35
435,Ринчин.Цэцэгмаа,F,2025,SPRING,WEAK,ETL pipeline автоматжуулалт,Sys,Мэдээллийн систем,27,27,5
436,Энх.Гэрэлтуяа,F,2025,SPRING,EXCELLENT,Бараа агуулахын удирдлагын платформ,AppDev,Компьютерийн ухаан,19,4,24
437,Пүрэв.Мөнхзул,F,2025,SPRING,WEAK,Автомашины уралдааны 3D тоглоом,Game,Программ хангамж,20,17,27
438,Цэвэл.Баттөр,M,2025,SPRING,AVERAGE,LLM суурилсан чат бот хөгжүүлэлт,AI,Мэдээллийн технологи,21,32,9
439,Чулуун.Гэрэлтуяа,F,2025,SPRING,EXCELLENT,Сүлжээний гүйцэтгэлийн дүн шинжилгээ,Sys,Мультимедийн технологи,22,8,23
440,Нацаг.Батчулуун,M,2025,SPRING,AVERAGE,Эмнэлгийн цаг захиалгын вэб систем,AppDev,Мэдээллийн систем,23,12,20
441,Пүрэв.Батзориг,M,2025,SPRING,AVERAGE,Machine Learning ашиглан эрүүл мэндийн оношилгоо,AI,Компьютерийн ухаан,24,6,18
442,Балдан.Цэрэнпунцаг,F,2025,SPRING,WEAK,Kubernetes сүлжээний удирдлагын хэрэгсэл,Sys,Программ хангамж,25,9,29
443,Ринчин.Нандин,F,2025,SPRING,WEAK,Зан үйл таньж илрүүлэх систем,AI,Мэдээллийн технологи,26,3,12
444,Балдан.Нарантуяа,F,2025,SPRING,WEAK,RAG систем ашиглан мэдлэгийн сан,AI,Мультимедийн технологи,27,7,33
445,Гэлэг.Мандхай,F,2025,SPRING,AVERAGE,ERP модуль нэгтгэсэн мобайл апп,AppDev,Мэдээллийн систем,19,35,7
446,Цэрэн.Батчимэг,F,2025,SPRING,WEAK,Сургалтын интерактив 3D вэб симуляци,Game,Компьютерийн ухаан,20,18,11
447,Мөнх.Энхзул,F,2025,SPRING,AVERAGE,CNN ашиглан шувуу таних систем,AI,Программ хангамж,21,22,9
448,Мөнх.Нарандэлгэр,M,2025,SPRING,AVERAGE,Порт сканнер ба сүлжээний аюулгүй байдлын хэрэгсэл,Sys,Мэдээллийн технологи,22,9,4
449,Гомбо.Энхбат,M,2025,SPRING,AVERAGE,Монгол нүүдлийн соёлын VR музей,Game,Мультимедийн технологи,23,2,32
450,Дүгэр.Дэлгэрбаяр,M,2025,SPRING,AVERAGE,E-Commerce вэб систем хөгжүүлэлт,AppDev,Мэдээллийн систем,24,20,6
451,Жамц.Дэлгэрбаяр,M,2025,SPRING,WEAK,Стратеги тоглоомын AI дайсан,Game,Компьютерийн ухаан,25,18,10
452,Гэлэг.Оюунцэцэг,F,2025,SPRING,AVERAGE,E-Commerce вэб систем хөгжүүлэлт,AppDev,Программ хангамж,26,30,17
453,Дүгэр.Ариунаа,F,2025,SPRING,WEAK,Тархмал систем мониторинг хяналт,Sys,Мэдээллийн технологи,27,9,5
454,Гомбожав.Ганболд,M,2025,SPRING,AVERAGE,Монгол нүүдлийн соёлын VR музей,Game,Мультимедийн технологи,19,17,22
455,Гомбо.Отгонбаяр,M,2025,SPRING,AVERAGE,Хүний нөөцийн ярилцлагын удирдлагын систем,AppDev,Мэдээллийн систем,20,4,11
456,Жамбал.Энхтуяа,F,2025,SPRING,WEAK,YOLO ашиглан замын хөдөлгөөний дүн шинжилгээ,AI,Компьютерийн ухаан,21,19,26
457,Санжаа.Нандинцэцэг,F,2025,SPRING,EXCELLENT,Motion-based дасгал хийх тоглоом,Game,Программ хангамж,22,17,23
458,Лхам.Буянтогтох,F,2025,SPRING,AVERAGE,RAG систем ашиглан мэдлэгийн сан,AI,Мэдээллийн технологи,23,21,1
459,Содном.Болд,M,2025,SPRING,WEAK,Motion-based дасгал хийх тоглоом,Game,Мультимедийн технологи,24,2,15
460,Санжаа.Номин,F,2025,SPRING,AVERAGE,Тархмал систем мониторинг хяналт,Sys,Мэдээллийн систем,25,8,3
461,Гомбожав.Цэрэн,M,2025,SPRING,WEAK,Real-time CDC Analytics Pipeline систем,Sys,Компьютерийн ухаан,26,9,30
462,Гомбожав.Батсайхан,M,2025,SPRING,AVERAGE,Image Processing ашиглан ургамал таних,AI,Программ хангамж,27,15,33
463,Намдаг.Батхүү,M,2025,SPRING,AVERAGE,Deep Learning ашиглан нүүр таних,AI,Мэдээллийн технологи,19,32,16
464,Бат.Нямгэрэл,F,2025,SPRING,AVERAGE,Real-time CDC Analytics Pipeline систем,Sys,Мультимедийн технологи,20,25,27
465,Намдаг.Гэрэлтуяа,F,2025,SPRING,EXCELLENT,Сагсан бөмбөгийн тэмцээн удирдах вэб платформ,AppDev,Мэдээллийн систем,21,10,9
466,Сүрэн.Оюунбилэг,F,2025,SPRING,AVERAGE,3D цэгэн үүл боловсруулах систем,Game,Компьютерийн ухаан,22,17,28
467,Нар.Лувсандорж,M,2025,SPRING,EXCELLENT,Тархмал систем мониторинг хяналт,Sys,Программ хангамж,23,9,1
468,Балдан.Нандинцэцэг,F,2025,SPRING,EXCELLENT,Тархмал систем мониторинг хяналт,Sys,Мэдээллийн технологи,24,25,18
469,Бат.Ундрал,F,2025,SPRING,EXCELLENT,Бараа агуулахын удирдлагын платформ,AppDev,Мультимедийн технологи,25,4,8
470,Гомбожав.Санжаасүрэн,M,2025,SPRING,EXCELLENT,Сургуулийн менежментийн мобайл апп,AppDev,Мэдээллийн систем,26,24,30
471,Ринчин.Бат-Эрдэнэ,M,2025,SPRING,AVERAGE,Motion-based дасгал хийх тоглоом,Game,Компьютерийн ухаан,27,5,14
472,Ринчин.Ганбаяр,M,2025,SPRING,AVERAGE,ERP модуль нэгтгэсэн мобайл апп,AppDev,Программ хангамж,19,20,7
473,Дүгэр.Одонтуяа,F,2025,SPRING,AVERAGE,Хүний нөөцийн ярилцлагын удирдлагын систем,AppDev,Мэдээллийн технологи,20,24,27
474,Нацаг.Бадамсүрэн,F,2025,SPRING,AVERAGE,Сүлжээний гүйцэтгэлийн дүн шинжилгээ,Sys,Мультимедийн технологи,21,11,26
475,Жамбал.Цогтбаатар,M,2025,SPRING,AVERAGE,Linux audit framework хөгжүүлэлт,Sys,Мэдээллийн систем,22,11,4
476,Содном.Мөнхтулга,M,2025,SPRING,AVERAGE,Сүлжээний гүйцэтгэлийн дүн шинжилгээ,Sys,Компьютерийн ухаан,23,25,20
477,Бямба.Буянтогтох,M,2025,SPRING,AVERAGE,Стратеги тоглоомын AI дайсан,Game,Программ хангамж,24,18,25
478,Цэрэн.Ариунаа,F,2025,SPRING,WEAK,Ресторанны захиалгын мобайл апп,AppDev,Мэдээллийн технологи,25,24,10
479,Норов.Амарсайхан,M,2025,SPRING,AVERAGE,Linux audit framework хөгжүүлэлт,Sys,Мультимедийн технологи,26,31,30
480,Намдаг.Нандин,F,2025,SPRING,AVERAGE,Онлайн сургалтын вэб систем,AppDev,Мэдээллийн систем,27,4,14
481,Намдаг.Мандхай,F,2025,SPRING,AVERAGE,Projection mapping ашиглан урлагийн суулгац,Game,Компьютерийн ухаан,19,17,16
482,Гомбожав.Нандин,F,2025,SPRING,AVERAGE,LLM суурилсан чат бот хөгжүүлэлт,AI,Программ хангамж,20,21,11
483,Пүрэв.Амарсайхан,M,2025,SPRING,EXCELLENT,E-Commerce вэб систем хөгжүүлэлт,AppDev,Мэдээллийн технологи,21,30,26
484,Пүрэв.Баатарсүрэн,M,2025,SPRING,AVERAGE,Нийтийн тээврийн хяналтын вэб апп,AppDev,Мультимедийн технологи,22,10,4
485,Нар.Мөнхжаргал,F,2025,SPRING,EXCELLENT,Motion-based дасгал хийх тоглоом,Game,Мэдээллийн систем,23,5,20
486,Гомбо.Цэцэгдэлгэр,F,2025,SPRING,AVERAGE,3D цэгэн үүл боловсруулах систем,Game,Компьютерийн ухаан,24,26,18
487,Балдан.Отгонбаяр,M,2025,SPRING,AVERAGE,Стратеги тоглоомын AI дайсан,Game,Программ хангамж,25,2,29
488,Содном.Одгэрэл,F,2025,SPRING,EXCELLENT,Нийтийн тээврийн хяналтын вэб апп,AppDev,Мэдээллийн технологи,26,4,12
489,Жамц.Цэрэнпунцаг,F,2025,SPRING,EXCELLENT,ETL pipeline автоматжуулалт,Sys,Мультимедийн технологи,27,27,5
490,Нар.Бат-Эрдэнэ,M,2025,SPRING,EXCELLENT,Сургуулийн менежментийн мобайл апп,AppDev,Мэдээллийн систем,19,30,24
491,Бат.Батхүү,M,2025,SPRING,AVERAGE,Deep Learning ашиглан нүүр таних,AI,Компьютерийн ухаан,20,21,11
492,Дорж.Оюунцэцэг,F,2025,SPRING,AVERAGE,Сагсан бөмбөгийн тэмцээн удирдах вэб платформ,AppDev,Программ хангамж,21,10,9
493,Бат.Дэмчигдорж,M,2025,SPRING,EXCELLENT,E-Commerce вэб систем хөгжүүлэлт,AppDev,Мэдээллийн технологи,22,28,31
494,Жигмэд.Гунгаасүрэн,M,2025,SPRING,AVERAGE,Memory dumper ба форензик хэрэгсэл,Sys,Мультимедийн технологи,23,25,21
495,Норов.Мөнхбаяр,M,2025,SPRING,AVERAGE,VR ашиглан барилгын загвар харах систем,Game,Мэдээллийн систем,24,18,15
496,Жамц.Батчулуун,M,2025,SPRING,AVERAGE,Зан үйл таньж илрүүлэх систем,AI,Компьютерийн ухаан,25,3,29
497,Нацаг.Гунгаасүрэн,M,2025,SPRING,EXCELLENT,Тархмал систем мониторинг хяналт,Sys,Программ хангамж,26,11,12
498,Гэлэг.Ганболд,M,2025,SPRING,WEAK,Ресторанны захиалгын мобайл апп,AppDev,Мэдээллийн технологи,27,28,33
499,Дорж.Баяраа,M,2025,SPRING,EXCELLENT,Нийтийн тээврийн хяналтын вэб апп,AppDev,Мультимедийн технологи,19,35,22
500,Гэлэг.Ганцэцэг,F,2025,SPRING,AVERAGE,YOLO ашиглан замын хөдөлгөөний дүн шинжилгээ,AI,Мэдээллийн систем,20,6,13
501,Содном.Тунгалаг,F,2025,FALL,AVERAGE,Нийтийн тээврийн хяналтын вэб апп,AppDev,Компьютерийн ухаан,28,24,8
502,Ринчин.Зоригоо,M,2025,FALL,AVERAGE,Физикийн симуляци 3D орчин,Game,Программ хангамж,29,16,33
503,Дүгэр.Цэнгэл,M,2025,FALL,AVERAGE,Memory dumper ба форензик хэрэгсэл,Sys,Мэдээллийн технологи,30,33,16
504,Чулуун.Лхагвасүрэн,F,2025,FALL,AVERAGE,Хурлын протокол LLM-ээр автоматаар боловсруулах,AI,Мультимедийн технологи,31,21,30
505,Цэрэн.Баттөр,M,2025,FALL,EXCELLENT,Бараа агуулахын удирдлагын платформ,AppDev,Мэдээллийн систем,32,30,12
506,Шагдар.Батчулуун,M,2025,FALL,AVERAGE,Зан үйл таньж илрүүлэх систем,AI,Компьютерийн ухаан,33,15,5
507,Ринчин.Энхтуяа,F,2025,FALL,AVERAGE,Memory dumper ба форензик хэрэгсэл,Sys,Программ хангамж,34,9,28
508,Бямба.Нарандэлгэр,M,2025,FALL,WEAK,Сургуулийн менежментийн мобайл апп,AppDev,Мэдээллийн технологи,35,30,6
509,Ган.Тэмүүлэн,M,2025,FALL,AVERAGE,Machine Learning ашиглан эрүүл мэндийн оношилгоо,AI,Мультимедийн технологи,36,1,22
510,Галсан.Одгэрэл,F,2025,FALL,AVERAGE,Projection mapping ашиглан урлагийн суулгац,Game,Мэдээллийн систем,28,14,13
511,Жамц.Самбуу,M,2025,FALL,EXCELLENT,Зан үйл таньж илрүүлэх систем,AI,Компьютерийн ухаан,29,22,10
512,Балдан.Мөнхжаргал,F,2025,FALL,WEAK,YOLO ашиглан замын хөдөлгөөний дүн шинжилгээ,AI,Программ хангамж,30,34,16
513,Намдаг.Хуягбаатар,M,2025,FALL,AVERAGE,Memory dumper ба форензик хэрэгсэл,Sys,Мэдээллийн технологи,31,31,30
514,Лодой.Цэнгэл,M,2025,FALL,EXCELLENT,E-Commerce вэб систем хөгжүүлэлт,AppDev,Мультимедийн технологи,32,10,21
515,Гомбожав.Нарандэлгэр,M,2025,FALL,AVERAGE,Нийтийн тээврийн хяналтын вэб апп,AppDev,Мэдээллийн систем,33,35,25
516,Дамба.Халиун,F,2025,FALL,AVERAGE,E-Commerce вэб систем хөгжүүлэлт,AppDev,Компьютерийн ухаан,34,24,35
517,Лодой.Ганбаяр,M,2025,FALL,AVERAGE,Автомашины уралдааны 3D тоглоом,Game,Программ хангамж,35,5,6
518,Балдан.Дэлгэрцэцэг,F,2025,FALL,WEAK,VR ашиглан барилгын загвар харах систем,Game,Мэдээллийн технологи,36,14,9
519,Балдан.Мэргэн,M,2025,FALL,AVERAGE,AR ашиглан хот төлөвлөлтийн загвар,Game,Мультимедийн технологи,28,26,7
520,Мөнх.Бямбасүрэн,M,2025,FALL,AVERAGE,Онлайн сургалтын вэб систем,AppDev,Мэдээллийн систем,29,24,11
521,Цэрэн.Энхтөр,M,2025,FALL,EXCELLENT,Real-time CDC Analytics Pipeline систем,Sys,Компьютерийн ухаан,30,33,27
522,Жамбал.Мөнхтулга,M,2025,FALL,EXCELLENT,AR ашиглан хот төлөвлөлтийн загвар,Game,Программ хангамж,31,26,32
523,Ган.Дэлгэрмаа,F,2025,FALL,AVERAGE,Lakehouse архитектур дата инженеринг,Sys,Мэдээллийн технологи,32,25,21
524,Ринчин.Болд,M,2025,FALL,AVERAGE,Kubernetes сүлжээний удирдлагын хэрэгсэл,Sys,Мультимедийн технологи,33,31,4
525,Намдаг.Оюун,F,2025,FALL,EXCELLENT,Зан үйл таньж илрүүлэх систем,AI,Мэдээллийн систем,34,21,23
526,Пүрэв.Буянтогтох,F,2025,FALL,WEAK,LLM суурилсан чат бот хөгжүүлэлт,AI,Компьютерийн ухаан,35,22,18
527,Дамба.Баттөр,M,2025,FALL,AVERAGE,Сагсан бөмбөгийн тэмцээн удирдах вэб платформ,AppDev,Программ хангамж,36,4,17
528,Нацаг.Нарандэлгэр,F,2025,FALL,AVERAGE,Lakehouse архитектур дата инженеринг,Sys,Мэдээллийн технологи,28,31,13
529,Намдаг.Баяраа,M,2025,FALL,AVERAGE,Ресторанны захиалгын мобайл апп,AppDev,Мультимедийн технологи,29,28,10
530,Дүгэр.Хулан,F,2025,FALL,AVERAGE,Нийтийн тээврийн хяналтын вэб апп,AppDev,Мэдээллийн систем,30,24,20
531,Гомбожав.Доржготов,M,2025,FALL,AVERAGE,Real-time CDC Analytics Pipeline систем,Sys,Компьютерийн ухаан,31,8,34
532,Балдан.Тэмүүлэн,M,2025,FALL,AVERAGE,Нийтийн тээврийн хяналтын вэб апп,AppDev,Программ хангамж,32,24,2
533,Намдаг.Гэрэлмаа,F,2025,FALL,WEAK,Эмнэлгийн цаг захиалгын вэб систем,AppDev,Мэдээллийн технологи,33,30,4
534,Гэлэг.Нарандэлгэр,F,2025,FALL,AVERAGE,Ресторанны захиалгын мобайл апп,AppDev,Мультимедийн технологи,34,35,28
535,Цэвэл.Мөнхбаяр,M,2025,FALL,AVERAGE,Монгол нүүдлийн соёлын VR музей,Game,Мэдээллийн систем,35,26,18
536,Бат.Цэцэгдэлгэр,F,2025,FALL,AVERAGE,Онлайн сургалтын вэб систем,AppDev,Компьютерийн ухаан,36,10,1
537,Гомбо.Мөнхбаяр,M,2025,FALL,AVERAGE,Lakehouse архитектур дата инженеринг,Sys,Программ хангамж,28,33,7
538,Пүрэв.Болд,M,2025,FALL,AVERAGE,RAG систем ашиглан мэдлэгийн сан,AI,Мэдээллийн технологи,29,13,10
539,Гомбожав.Тунгалаг,F,2025,FALL,AVERAGE,Порт сканнер ба сүлжээний аюулгүй байдлын хэрэгсэл,Sys,Мультимедийн технологи,30,27,16
540,Чулуун.Амарсайхан,M,2025,FALL,WEAK,Real-time CDC Analytics Pipeline систем,Sys,Мэдээллийн систем,31,8,30
541,Баатар.Цэрэнпунцаг,F,2025,FALL,AVERAGE,ERP модуль нэгтгэсэн мобайл апп,AppDev,Компьютерийн ухаан,32,30,21
542,Равжаа.Хуягбаатар,M,2025,FALL,WEAK,Онлайн сургалтын вэб систем,AppDev,Программ хангамж,33,24,25
543,Сүрэн.Нарандэлгэр,F,2025,FALL,WEAK,Сагсан бөмбөгийн тэмцээн удирдах вэб платформ,AppDev,Мэдээллийн технологи,34,4,28
544,Сүрэн.Гэндэнпэрэнлэй,F,2025,FALL,EXCELLENT,Физикийн симуляци 3D орчин,Game,Мультимедийн технологи,35,16,15
545,Дамба.Баатарсүрэн,M,2025,FALL,WEAK,E-Commerce вэб систем хөгжүүлэлт,AppDev,Мэдээллийн систем,36,12,9
546,Дүгэр.Ганцэцэг,F,2025,FALL,AVERAGE,E-Commerce вэб систем хөгжүүлэлт,AppDev,Компьютерийн ухаан,28,35,19
547,Нямаа.Цэнд,M,2025,FALL,AVERAGE,Machine Learning ашиглан эрүүл мэндийн оношилгоо,AI,Программ хангамж,29,15,11
548,Жамц.Тамир,M,2025,FALL,AVERAGE,Projection mapping ашиглан урлагийн суулгац,Game,Мэдээллийн технологи,30,14,16
549,Норов.Дэлгэрбаяр,M,2025,FALL,WEAK,Онлайн сургалтын вэб систем,AppDev,Мультимедийн технологи,31,10,34
550,Нар.Оюунбилэг,F,2025,FALL,AVERAGE,Физикийн симуляци 3D орчин,Game,Мэдээллийн систем,32,2,12
551,Гэлэг.Дэлгэрбаяр,M,2025,FALL,AVERAGE,Бараа агуулахын удирдлагын платформ,AppDev,Компьютерийн ухаан,33,10,5
552,Цэрэн.Санжаасүрэн,M,2025,FALL,AVERAGE,Сүлжээний гүйцэтгэлийн дүн шинжилгээ,Sys,Программ хангамж,34,27,14
553,Баатар.Гэрэлтуяа,F,2025,FALL,WEAK,Сургуулийн менежментийн мобайл апп,AppDev,Мэдээллийн технологи,35,4,15
554,Мөнх.Мөнхзул,F,2025,FALL,WEAK,Machine Learning ашиглан эрүүл мэндийн оношилгоо,AI,Мультимедийн технологи,36,7,22
555,Сүрэн.Батзориг,M,2025,FALL,AVERAGE,Linux audit framework хөгжүүлэлт,Sys,Мэдээллийн систем,28,9,8
556,Дорж.Хурц,M,2025,FALL,AVERAGE,Lakehouse архитектур дата инженеринг,Sys,Компьютерийн ухаан,29,8,10
557,Мөнх.Буянтогтох,M,2025,FALL,AVERAGE,Хүний нөөцийн ярилцлагын удирдлагын систем,AppDev,Программ хангамж,30,30,31
558,Гэлэг.Чойжилсүрэн,M,2025,FALL,AVERAGE,CNN ашиглан шувуу таних систем,AI,Мэдээллийн технологи,31,15,32
559,Сүрэн.Болд,M,2025,FALL,AVERAGE,Сургалтын интерактив 3D вэб симуляци,Game,Мультимедийн технологи,32,26,12
560,Бямба.Ариунаа,F,2025,FALL,EXCELLENT,Image Processing ашиглан ургамал таних,AI,Мэдээллийн систем,33,3,25
561,Баатар.Оюун,F,2025,FALL,EXCELLENT,Бараа агуулахын удирдлагын платформ,AppDev,Компьютерийн ухаан,34,24,14
562,Лодой.Баяраа,M,2025,FALL,EXCELLENT,Эмнэлгийн цаг захиалгын вэб систем,AppDev,Программ хангамж,35,35,6
563,Жамбал.Дагиймаа,F,2025,FALL,WEAK,VR ашиглан барилгын загвар харах систем,Game,Мэдээллийн технологи,36,18,9
564,Ринчин.Бямбасүрэн,M,2025,FALL,AVERAGE,NLP ашиглан монгол текст ангилагч,AI,Мультимедийн технологи,28,7,19
565,Намдаг.Дэлгэрмаа,F,2025,FALL,WEAK,Нийтийн тээврийн хяналтын вэб апп,AppDev,Мэдээллийн систем,29,30,11
566,Ринчин.Эрдэнэбат,M,2025,FALL,WEAK,Мэдээллийн аюулгүй байдлын аудит систем,Sys,Компьютерийн ухаан,30,8,20
567,Нямаа.Дэлгэрмаа,F,2025,FALL,AVERAGE,Kubernetes сүлжээний удирдлагын хэрэгсэл,Sys,Программ хангамж,31,25,32
568,Лодой.Солонго,F,2025,FALL,AVERAGE,AR ашиглан хот төлөвлөлтийн загвар,Game,Мэдээллийн технологи,32,18,21
569,Жамбал.Зундуй,M,2025,FALL,AVERAGE,ETL pipeline автоматжуулалт,Sys,Мультимедийн технологи,33,31,4
570,Бат.Дэлгэрбаяр,M,2025,FALL,AVERAGE,VR ашиглан барилгын загвар харах систем,Game,Мэдээллийн систем,34,2,28
571,Баатар.Цэдэндамба,F,2025,FALL,AVERAGE,Machine Learning ашиглан эрүүл мэндийн оношилгоо,AI,Компьютерийн ухаан,35,13,18
572,Жамбал.Оюунбилэг,F,2025,FALL,WEAK,LLM суурилсан чат бот хөгжүүлэлт,AI,Программ хангамж,36,6,17
573,Намдаг.Лувсандорж,M,2025,FALL,WEAK,ERP модуль нэгтгэсэн мобайл апп,AppDev,Мэдээллийн технологи,28,28,8
574,Бат.Эрдэнэбат,M,2025,FALL,AVERAGE,Ресторанны захиалгын мобайл апп,AppDev,Мультимедийн технологи,29,35,29
575,Цэвэл.Ундрал,F,2025,FALL,AVERAGE,Сагсан бөмбөгийн тэмцээн удирдах вэб платформ,AppDev,Мэдээллийн систем,30,28,16
576,Равжаа.Санжаасүрэн,M,2025,FALL,AVERAGE,Порт сканнер ба сүлжээний аюулгүй байдлын хэрэгсэл,Sys,Компьютерийн ухаан,31,11,26
577,Жамц.Бадамсүрэн,F,2025,FALL,AVERAGE,Автомашины уралдааны 3D тоглоом,Game,Программ хангамж,32,18,21
578,Содном.Энхтөр,M,2025,FALL,WEAK,Бараа агуулахын удирдлагын платформ,AppDev,Мэдээллийн технологи,33,10,3
579,Пүрэв.Ариунболд,M,2025,FALL,EXCELLENT,Тархмал систем мониторинг хяналт,Sys,Мультимедийн технологи,34,11,23
580,Энх.Бурмаа,F,2025,FALL,AVERAGE,YOLO ашиглан замын хөдөлгөөний дүн шинжилгээ,AI,Мэдээллийн систем,35,21,15
581,Гомбо.Номин,F,2025,FALL,AVERAGE,Kubernetes сүлжээний удирдлагын хэрэгсэл,Sys,Компьютерийн ухаан,36,31,22
582,Бат.Бямбасүрэн,M,2025,FALL,WEAK,Тархмал систем мониторинг хяналт,Sys,Программ хангамж,28,27,8
583,Равжаа.Гэрэлмаа,F,2025,FALL,WEAK,Хурлын протокол LLM-ээр автоматаар боловсруулах,AI,Мэдээллийн технологи,29,6,33
584,Пүрэв.Баяртөгс,M,2025,FALL,AVERAGE,Бараа агуулахын удирдлагын платформ,AppDev,Мультимедийн технологи,30,12,31
585,Нацаг.Дэлгэрбаяр,M,2025,FALL,AVERAGE,ETL pipeline автоматжуулалт,Sys,Мэдээллийн систем,31,11,34
586,Цэвэл.Оюун,F,2025,FALL,WEAK,AR ашиглан хот төлөвлөлтийн загвар,Game,Компьютерийн ухаан,32,26,21
587,Лхам.Санжаасүрэн,M,2025,FALL,AVERAGE,Монгол нүүдлийн соёлын VR музей,Game,Программ хангамж,33,26,4
588,Чулуун.Цэрэн,M,2025,FALL,AVERAGE,Motion-based дасгал хийх тоглоом,Game,Мэдээллийн технологи,34,14,23
589,Жамц.Батчимэг,F,2025,FALL,EXCELLENT,Projection mapping ашиглан урлагийн суулгац,Game,Мультимедийн технологи,35,17,6
590,Дамба.Ганболд,M,2025,FALL,AVERAGE,Тархмал систем мониторинг хяналт,Sys,Мэдээллийн систем,36,25,9
591,Мөнх.Батмөнх,M,2025,FALL,AVERAGE,Порт сканнер ба сүлжээний аюулгүй байдлын хэрэгсэл,Sys,Компьютерийн ухаан,28,27,7
592,Лхам.Мөнхзул,F,2025,FALL,AVERAGE,E-Commerce вэб систем хөгжүүлэлт,AppDev,Программ хангамж,29,20,10
593,Нямаа.Жаргалсайхан,M,2025,FALL,AVERAGE,CNN ашиглан шувуу таних систем,AI,Мэдээллийн технологи,30,23,27
594,Буян.Ганболд,M,2025,FALL,AVERAGE,Real-time CDC Analytics Pipeline систем,Sys,Мультимедийн технологи,31,25,26
595,Бат.Солонго,F,2025,FALL,WEAK,Физикийн симуляци 3D орчин,Game,Мэдээллийн систем,32,17,2
596,Буян.Баатарсүрэн,M,2025,FALL,EXCELLENT,Эмнэлгийн цаг захиалгын вэб систем,AppDev,Компьютерийн ухаан,33,20,25
597,Чулуун.Энхтуяа,F,2025,FALL,AVERAGE,ETL pipeline автоматжуулалт,Sys,Программ хангамж,34,25,28
598,Буян.Батмөнх,M,2025,FALL,WEAK,Kubernetes сүлжээний удирдлагын хэрэгсэл,Sys,Мэдээллийн технологи,35,25,24
599,Галсан.Цэцэгмаа,F,2025,FALL,AVERAGE,Memory dumper ба форензик хэрэгсэл,Sys,Мультимедийн технологи,36,31,22
600,Пүрэв.Нямгэрэл,F,2025,FALL,AVERAGE,Machine Learning ашиглан эрүүл мэндийн оношилгоо,AI,Мэдээллийн систем,28,1,13
601,Лхам.Батхүү,M,2026,SPRING,AVERAGE,Kubernetes сүлжээний удирдлагын хэрэгсэл,Sys,Компьютерийн ухаан,37,11,29
602,Бат.Отгонтөгс,M,2026,SPRING,AVERAGE,Автомашины уралдааны 3D тоглоом,Game,Программ хангамж,38,26,33
603,Баатар.Мөнхжаргал,F,2026,SPRING,AVERAGE,Deep Learning ашиглан нүүр таних,AI,Мэдээллийн технологи,39,13,9
604,Бат.Баатарсүрэн,M,2026,SPRING,EXCELLENT,AR ашиглан хот төлөвлөлтийн загвар,Game,Мультимедийн технологи,40,5,14
605,Энх.Цэрэн,M,2026,SPRING,WEAK,RAG систем ашиглан мэдлэгийн сан,AI,Мэдээллийн систем,41,1,28
606,Гэлэг.Бат-Эрдэнэ,M,2026,SPRING,AVERAGE,VR ашиглан барилгын загвар харах систем,Game,Компьютерийн ухаан,42,26,15
607,Нар.Ундрал,F,2026,SPRING,AVERAGE,Сургалтын интерактив 3D вэб симуляци,Game,Программ хангамж,43,26,8
608,Бямба.Туяа,F,2026,SPRING,AVERAGE,Физикийн симуляци 3D орчин,Game,Мэдээллийн технологи,44,26,23
609,Бямба.Батчулуун,M,2026,SPRING,AVERAGE,AR ашиглан хот төлөвлөлтийн загвар,Game,Мультимедийн технологи,45,5,27
610,Дүгэр.Лувсандорж,M,2026,SPRING,AVERAGE,Монгол нүүдлийн соёлын VR музей,Game,Мэдээллийн систем,37,16,31
611,Жамц.Дэлгэрмаа,F,2026,SPRING,AVERAGE,Сүлжээний гүйцэтгэлийн дүн шинжилгээ,Sys,Компьютерийн ухаан,38,31,3
612,Шагдар.Хуягбаатар,M,2026,SPRING,AVERAGE,Kubernetes сүлжээний удирдлагын хэрэгсэл,Sys,Программ хангамж,39,9,30
613,Гомбожав.Нямгэрэл,F,2026,SPRING,EXCELLENT,Motion-based дасгал хийх тоглоом,Game,Мэдээллийн технологи,40,18,14
614,Норов.Буянтогтох,M,2026,SPRING,AVERAGE,Физикийн симуляци 3D орчин,Game,Мультимедийн технологи,41,16,24
615,Жигмэд.Жаргалсайхан,M,2026,SPRING,AVERAGE,Projection mapping ашиглан урлагийн суулгац,Game,Мэдээллийн систем,42,18,12
616,Сүрэн.Дагиймаа,F,2026,SPRING,AVERAGE,RAG систем ашиглан мэдлэгийн сан,AI,Компьютерийн ухаан,43,32,7
617,Нацаг.Баярсайхан,M,2026,SPRING,AVERAGE,Бараа агуулахын удирдлагын платформ,AppDev,Программ хангамж,44,24,26
618,Бат.Наранцэцэг,F,2026,SPRING,AVERAGE,Deep Learning ашиглан нүүр таних,AI,Мэдээллийн технологи,45,23,16
619,Дамба.Батхүү,M,2026,SPRING,AVERAGE,Автомашины уралдааны 3D тоглоом,Game,Мультимедийн технологи,37,5,22
620,Лодой.Нямдорж,M,2026,SPRING,EXCELLENT,RAG систем ашиглан мэдлэгийн сан,AI,Мэдээллийн систем,38,32,3
621,Буян.Намсрай,M,2026,SPRING,AVERAGE,3D цэгэн үүл боловсруулах систем,Game,Компьютерийн ухаан,39,5,30
622,Намдаг.Золзаяа,F,2026,SPRING,AVERAGE,Бараа агуулахын удирдлагын платформ,AppDev,Программ хангамж,40,30,14
623,Жамц.Нямдорж,M,2026,SPRING,EXCELLENT,Deep Learning ашиглан нүүр таних,AI,Мэдээллийн технологи,41,6,1
624,Энх.Баясгалан,M,2026,SPRING,AVERAGE,Сүлжээний гүйцэтгэлийн дүн шинжилгээ,Sys,Мультимедийн технологи,42,8,25
625,Санжаа.Дашдорж,M,2026,SPRING,EXCELLENT,Нийтийн тээврийн хяналтын вэб апп,AppDev,Мэдээллийн систем,43,35,8
626,Бямба.Цэнд,M,2026,SPRING,EXCELLENT,Machine Learning ашиглан эрүүл мэндийн оношилгоо,AI,Компьютерийн ухаан,44,3,13
627,Гомбо.Мандхай,F,2026,SPRING,EXCELLENT,Мэдээллийн аюулгүй байдлын аудит систем,Sys,Программ хангамж,45,9,11
628,Содном.Дагиймаа,F,2026,SPRING,AVERAGE,3D цэгэн үүл боловсруулах систем,Game,Мэдээллийн технологи,37,18,19
629,Дорж.Нарандэлгэр,F,2026,SPRING,WEAK,YOLO ашиглан замын хөдөлгөөний дүн шинжилгээ,AI,Мультимедийн технологи,38,21,33
630,Намдаг.Баясгалан,M,2026,SPRING,AVERAGE,Эмнэлгийн цаг захиалгын вэб систем,AppDev,Мэдээллийн систем,39,28,30
631,Галсан.Мөнхбаяр,M,2026,SPRING,AVERAGE,VR ашиглан барилгын загвар харах систем,Game,Компьютерийн ухаан,40,17,5
632,Нар.Батхүү,M,2026,SPRING,AVERAGE,Хурлын протокол LLM-ээр автоматаар боловсруулах,AI,Программ хангамж,41,19,20
633,Лхам.Гэрэлмаа,F,2026,SPRING,AVERAGE,Image Processing ашиглан ургамал таних,AI,Мэдээллийн технологи,42,29,10
634,Ринчин.Доржготов,M,2026,SPRING,EXCELLENT,NLP ашиглан монгол текст ангилагч,AI,Мультимедийн технологи,43,6,7
635,Нар.Батзориг,M,2026,SPRING,AVERAGE,Сүлжээний гүйцэтгэлийн дүн шинжилгээ,Sys,Мэдээллийн систем,44,27,4
636,Жамбал.Цэрэнпунцаг,F,2026,SPRING,WEAK,NLP ашиглан монгол текст ангилагч,AI,Компьютерийн ухаан,45,13,16
637,Норов.Гэрэлмаа,F,2026,SPRING,EXCELLENT,Мэдээллийн аюулгүй байдлын аудит систем,Sys,Программ хангамж,37,31,19
638,Ган.Нарандэлгэр,F,2026,SPRING,AVERAGE,NLP ашиглан монгол текст ангилагч,AI,Мэдээллийн технологи,38,34,33
639,Цэрэн.Гунгаасүрэн,M,2026,SPRING,AVERAGE,Machine Learning ашиглан эрүүл мэндийн оношилгоо,AI,Мультимедийн технологи,39,7,9
640,Лодой.Бямбасүрэн,M,2026,SPRING,AVERAGE,Порт сканнер ба сүлжээний аюулгүй байдлын хэрэгсэл,Sys,Мэдээллийн систем,40,25,35
641,Бат.Нарандэлгэр,M,2026,SPRING,EXCELLENT,Зан үйл таньж илрүүлэх систем,AI,Компьютерийн ухаан,41,19,28
642,Нар.Мөнхбаяр,M,2026,SPRING,AVERAGE,VR ашиглан барилгын загвар харах систем,Game,Программ хангамж,42,16,25
643,Жигмэд.Нармандах,F,2026,SPRING,AVERAGE,Motion-based дасгал хийх тоглоом,Game,Мэдээллийн технологи,43,14,34
644,Ган.Алтансүх,M,2026,SPRING,AVERAGE,Стратеги тоглоомын AI дайсан,Game,Мультимедийн технологи,44,14,4
645,Гэлэг.Гантулга,M,2026,SPRING,WEAK,RAG систем ашиглан мэдлэгийн сан,AI,Мэдээллийн систем,45,19,27
646,Лодой.Ганцэцэг,F,2026,SPRING,AVERAGE,AR ашиглан хот төлөвлөлтийн загвар,Game,Компьютерийн ухаан,37,2,22
647,Дорж.Одгэрэл,F,2026,SPRING,AVERAGE,Мэдээллийн аюулгүй байдлын аудит систем,Sys,Программ хангамж,38,33,21
648,Галсан.Оюунцэцэг,F,2026,SPRING,AVERAGE,NLP ашиглан монгол текст ангилагч,AI,Мэдээллийн технологи,39,13,9
649,Норов.Гэрэлтуяа,F,2026,SPRING,AVERAGE,VR ашиглан барилгын загвар харах систем,Game,Мультимедийн технологи,40,2,6
650,Санжаа.Ганболд,M,2026,SPRING,AVERAGE,3D цэгэн үүл боловсруулах систем,Game,Мэдээллийн систем,41,16,24
651,Чулуун.Цэцэгмаа,F,2026,SPRING,AVERAGE,LLM суурилсан чат бот хөгжүүлэлт,AI,Компьютерийн ухаан,42,1,12
652,Нар.Тамир,M,2026,SPRING,AVERAGE,E-Commerce вэб систем хөгжүүлэлт,AppDev,Программ хангамж,43,28,2
653,Мөнх.Оюун,F,2026,SPRING,AVERAGE,Хурлын протокол LLM-ээр автоматаар боловсруулах,AI,Мэдээллийн технологи,44,13,4
654,Санжаа.Цогтбаатар,M,2026,SPRING,AVERAGE,Бараа агуулахын удирдлагын платформ,AppDev,Мультимедийн технологи,45,10,11
655,Жамц.Сарантуяа,F,2026,SPRING,AVERAGE,Тархмал систем мониторинг хяналт,Sys,Мэдээллийн систем,37,33,22
656,Ринчин.Энхмандал,F,2026,SPRING,AVERAGE,Сургалтын интерактив 3D вэб симуляци,Game,Компьютерийн ухаан,38,17,3
657,Цэвэл.Дагиймаа,F,2026,SPRING,AVERAGE,Ресторанны захиалгын мобайл апп,AppDev,Программ хангамж,39,24,9
658,Бямба.Баатарсүрэн,M,2026,SPRING,AVERAGE,Memory dumper ба форензик хэрэгсэл,Sys,Мэдээллийн технологи,40,31,6
659,Гомбожав.Сарантуяа,F,2026,SPRING,AVERAGE,VR ашиглан барилгын загвар харах систем,Game,Мультимедийн технологи,41,17,24
660,Гомбо.Гэндэнпэрэнлэй,F,2026,SPRING,AVERAGE,Memory dumper ба форензик хэрэгсэл,Sys,Мэдээллийн систем,42,31,10
661,Бямба.Нандинцэцэг,F,2026,SPRING,EXCELLENT,Физикийн симуляци 3D орчин,Game,Компьютерийн ухаан,43,18,34
662,Нацаг.Энхзул,F,2026,SPRING,EXCELLENT,ERP модуль нэгтгэсэн мобайл апп,AppDev,Программ хангамж,44,20,26
663,Сүрэн.Оюун,F,2026,SPRING,AVERAGE,AR ашиглан хот төлөвлөлтийн загвар,Game,Мэдээллийн технологи,45,5,16
664,Гэлэг.Батсайхан,M,2026,SPRING,AVERAGE,Порт сканнер ба сүлжээний аюулгүй байдлын хэрэгсэл,Sys,Мультимедийн технологи,37,11,31
665,Цэвэл.Батчулуун,M,2026,SPRING,AVERAGE,Сургуулийн менежментийн мобайл апп,AppDev,Мэдээллийн систем,38,10,21
666,Ган.Ганболд,M,2026,SPRING,AVERAGE,Автомашины уралдааны 3D тоглоом,Game,Компьютерийн ухаан,39,18,9
667,Нацаг.Санжаасүрэн,M,2026,SPRING,EXCELLENT,Memory dumper ба форензик хэрэгсэл,Sys,Программ хангамж,40,31,14
668,Балдан.Наранцэцэг,F,2026,SPRING,AVERAGE,Эмнэлгийн цаг захиалгын вэб систем,AppDev,Мэдээллийн технологи,41,12,1
669,Содном.Хишигдэлэг,F,2026,SPRING,AVERAGE,ETL pipeline автоматжуулалт,Sys,Мультимедийн технологи,42,31,15
670,Энх.Бямбасүрэн,M,2026,SPRING,AVERAGE,RAG систем ашиглан мэдлэгийн сан,AI,Мэдээллийн систем,43,7,34
671,Дамба.Батмөнх,M,2026,SPRING,AVERAGE,Автомашины уралдааны 3D тоглоом,Game,Компьютерийн ухаан,44,16,4
672,Дорж.Мөнхзул,F,2026,SPRING,AVERAGE,Machine Learning ашиглан эрүүл мэндийн оношилгоо,AI,Программ хангамж,45,15,18
673,Дүгэр.Дэмчигдорж,M,2026,SPRING,AVERAGE,Machine Learning ашиглан эрүүл мэндийн оношилгоо,AI,Мэдээллийн технологи,37,22,19
674,Дүгэр.Гэндэнпэрэнлэй,F,2026,SPRING,WEAK,Lakehouse архитектур дата инженеринг,Sys,Мультимедийн технологи,38,11,3
675,Дүгэр.Лувсанцэрэн,F,2026,SPRING,WEAK,Ресторанны захиалгын мобайл апп,AppDev,Мэдээллийн систем,39,28,30
676,Жамбал.Цэцэгмаа,F,2026,SPRING,AVERAGE,Физикийн симуляци 3D орчин,Game,Компьютерийн ухаан,40,18,35
677,Гомбожав.Эрдэнэбат,M,2026,SPRING,AVERAGE,Тархмал систем мониторинг хяналт,Sys,Программ хангамж,41,8,1
678,Цэрэн.Лувсанцэрэн,F,2026,SPRING,AVERAGE,Хүний нөөцийн ярилцлагын удирдлагын систем,AppDev,Мэдээллийн технологи,42,24,15
679,Содном.Цэрэнпунцаг,F,2026,SPRING,WEAK,Тархмал систем мониторинг хяналт,Sys,Мультимедийн технологи,43,9,34
680,Дамба.Гантулга,M,2026,SPRING,AVERAGE,Нийтийн тээврийн хяналтын вэб апп,AppDev,Мэдээллийн систем,44,12,4
681,Нацаг.Ганбаяр,M,2026,SPRING,AVERAGE,Memory dumper ба форензик хэрэгсэл,Sys,Компьютерийн ухаан,45,31,16
682,Дорж.Золзаяа,F,2026,SPRING,AVERAGE,ETL pipeline автоматжуулалт,Sys,Программ хангамж,37,11,29
683,Содном.Равдан,M,2026,SPRING,AVERAGE,LLM суурилсан чат бот хөгжүүлэлт,AI,Мэдээллийн технологи,38,3,21
684,Галсан.Гэрэлмаа,F,2026,SPRING,AVERAGE,Монгол нүүдлийн соёлын VR музей,Game,Мультимедийн технологи,39,14,9
685,Норов.Пүрэвдорж,M,2026,SPRING,AVERAGE,Тархмал систем мониторинг хяналт,Sys,Мэдээллийн систем,40,33,5
686,Лодой.Буянтогтох,F,2026,SPRING,EXCELLENT,Machine Learning ашиглан эрүүл мэндийн оношилгоо,AI,Компьютерийн ухаан,41,34,20
687,Сүрэн.Ганцэцэг,F,2026,SPRING,WEAK,Зан үйл таньж илрүүлэх систем,AI,Программ хангамж,42,6,12
688,Гомбо.Лувсанцэрэн,F,2026,SPRING,AVERAGE,Тархмал систем мониторинг хяналт,Sys,Мэдээллийн технологи,43,9,8
689,Галсан.Гантулга,M,2026,SPRING,AVERAGE,Автомашины уралдааны 3D тоглоом,Game,Мультимедийн технологи,44,18,26
690,Мөнх.Цэцэгдэлгэр,F,2026,SPRING,AVERAGE,Lakehouse архитектур дата инженеринг,Sys,Мэдээллийн систем,45,33,11
691,Мөнх.Лувсандорж,M,2026,SPRING,WEAK,Сургалтын интерактив 3D вэб симуляци,Game,Компьютерийн ухаан,37,14,29
692,Шагдар.Халиун,F,2026,SPRING,EXCELLENT,Порт сканнер ба сүлжээний аюулгүй байдлын хэрэгсэл,Sys,Программ хангамж,38,33,3
693,Цэвэл.Нандин,F,2026,SPRING,AVERAGE,Стратеги тоглоомын AI дайсан,Game,Мэдээллийн технологи,39,14,30
694,Жамц.Цэрэн,M,2026,SPRING,AVERAGE,NLP ашиглан монгол текст ангилагч,AI,Мультимедийн технологи,40,21,14
695,Лхам.Баясгалан,M,2026,SPRING,AVERAGE,VR ашиглан барилгын загвар харах систем,Game,Мэдээллийн систем,41,16,24
696,Лодой.Нарандэлгэр,F,2026,SPRING,WEAK,Хүний нөөцийн ярилцлагын удирдлагын систем,AppDev,Компьютерийн ухаан,42,30,10
697,Гомбо.Цэнд,M,2026,SPRING,AVERAGE,Motion-based дасгал хийх тоглоом,Game,Программ хангамж,43,2,7
698,Гомбо.Отгонтөгс,M,2026,SPRING,AVERAGE,Бараа агуулахын удирдлагын платформ,AppDev,Мэдээллийн технологи,44,28,13
699,Ган.Нандинцэцэг,F,2026,SPRING,AVERAGE,Linux audit framework хөгжүүлэлт,Sys,Мультимедийн технологи,45,11,27
700,Намдаг.Баатарсүрэн,M,2026,SPRING,WEAK,AR ашиглан хот төлөвлөлтийн загвар,Game,Мэдээллийн систем,37,17,29
701,Цэрэн.Халиун,F,2026,SPRING,AVERAGE,Хурлын протокол LLM-ээр автоматаар боловсруулах,AI,Компьютерийн ухаан,38,6,21
702,Галсан.Бадамсүрэн,F,2026,SPRING,EXCELLENT,Image Processing ашиглан ургамал таних,AI,Программ хангамж,39,3,30
703,Галсан.Орхон,M,2026,SPRING,WEAK,Тархмал систем мониторинг хяналт,Sys,Мэдээллийн технологи,40,33,6
704,Санжаа.Туяа,F,2026,SPRING,AVERAGE,Зан үйл таньж илрүүлэх систем,AI,Мультимедийн технологи,41,19,28
705,Дорж.Мөнхжаргал,F,2026,SPRING,WEAK,RAG систем ашиглан мэдлэгийн сан,AI,Мэдээллийн систем,42,19,10
706,Бат.Хуягбаатар,M,2026,SPRING,EXCELLENT,Эмнэлгийн цаг захиалгын вэб систем,AppDev,Компьютерийн ухаан,43,30,2
707,Ринчин.Дэлгэрмаа,F,2026,SPRING,AVERAGE,Физикийн симуляци 3D орчин,Game,Программ хангамж,44,26,23
708,Энх.Нямгэрэл,F,2026,SPRING,WEAK,Нийтийн тээврийн хяналтын вэб апп,AppDev,Мэдээллийн технологи,45,35,27
709,Равжаа.Цэцэгмаа,F,2026,SPRING,AVERAGE,LLM суурилсан чат бот хөгжүүлэлт,AI,Мультимедийн технологи,37,13,22
710,Баатар.Энхтөр,M,2026,SPRING,AVERAGE,ERP модуль нэгтгэсэн мобайл апп,AppDev,Мэдээллийн систем,38,30,21
711,Бямба.Одгэрэл,F,2026,SPRING,AVERAGE,Хурлын протокол LLM-ээр автоматаар боловсруулах,AI,Компьютерийн ухаан,39,32,30
712,Цэрэн.Батмөнх,M,2026,SPRING,AVERAGE,Real-time CDC Analytics Pipeline систем,Sys,Программ хангамж,40,27,5
713,Гомбо.Мөнхтөр,M,2026,SPRING,AVERAGE,Стратеги тоглоомын AI дайсан,Game,Мэдээллийн технологи,41,17,20
714,Санжаа.Ундрал,F,2026,SPRING,AVERAGE,NLP ашиглан монгол текст ангилагч,AI,Мультимедийн технологи,42,32,12
715,Сүрэн.Энхтөр,M,2026,SPRING,AVERAGE,Projection mapping ашиглан урлагийн суулгац,Game,Мэдээллийн систем,43,26,2
716,Цэрэн.Мэргэн,M,2026,SPRING,WEAK,Сүлжээний гүйцэтгэлийн дүн шинжилгээ,Sys,Компьютерийн ухаан,44,8,4
717,Жигмэд.Баатарсүрэн,M,2026,SPRING,AVERAGE,Стратеги тоглоомын AI дайсан,Game,Программ хангамж,45,5,27
718,Ринчин.Гэрэлтуяа,F,2026,SPRING,AVERAGE,Тархмал систем мониторинг хяналт,Sys,Мэдээллийн технологи,37,25,22
719,Гомбо.Мөнхжаргал,F,2026,SPRING,WEAK,Memory dumper ба форензик хэрэгсэл,Sys,Мультимедийн технологи,38,25,3
720,Дүгэр.Халиун,F,2026,SPRING,AVERAGE,Kubernetes сүлжээний удирдлагын хэрэгсэл,Sys,Мэдээллийн систем,39,31,32
721,Дорж.Нямгэрэл,F,2026,SPRING,WEAK,Зан үйл таньж илрүүлэх систем,AI,Компьютерийн ухаан,40,29,6
722,Жамц.Гунгаасүрэн,M,2026,SPRING,AVERAGE,ETL pipeline автоматжуулалт,Sys,Программ хангамж,41,27,20
723,Жамбал.Мөнхбаяр,M,2026,SPRING,AVERAGE,Machine Learning ашиглан эрүүл мэндийн оношилгоо,AI,Мэдээллийн технологи,42,19,15
724,Ринчин.Мөнхжаргал,F,2026,SPRING,AVERAGE,Порт сканнер ба сүлжээний аюулгүй байдлын хэрэгсэл,Sys,Мультимедийн технологи,43,25,7
725,Чулуун.Тэмүүлэн,M,2026,SPRING,AVERAGE,Эмнэлгийн цаг захиалгын вэб систем,AppDev,Мэдээллийн систем,44,28,4
726,Мөнх.Нандинцэцэг,F,2026,SPRING,AVERAGE,Memory dumper ба форензик хэрэгсэл,Sys,Компьютерийн ухаан,45,27,11
727,Пүрэв.Одонтуяа,F,2026,SPRING,EXCELLENT,ERP модуль нэгтгэсэн мобайл апп,AppDev,Программ хангамж,37,24,31
728,Жамбал.Нарандэлгэр,M,2026,SPRING,AVERAGE,VR ашиглан барилгын загвар харах систем,Game,Мэдээллийн технологи,38,17,21
729,Лхам.Баяртөгс,M,2026,SPRING,AVERAGE,Motion-based дасгал хийх тоглоом,Game,Мультимедийн технологи,39,14,32
730,Дүгэр.Мөнхбаяр,M,2026,SPRING,AVERAGE,Автомашины уралдааны 3D тоглоом,Game,Мэдээллийн систем,40,2,5
731,Санжаа.Ариунболд,M,2026,SPRING,AVERAGE,VR ашиглан барилгын загвар харах систем,Game,Компьютерийн ухаан,41,18,24
732,Содном.Тэмүүлэн,M,2026,SPRING,AVERAGE,Автомашины уралдааны 3D тоглоом,Game,Программ хангамж,42,5,15
733,Дамба.Баяраа,M,2026,SPRING,AVERAGE,Memory dumper ба форензик хэрэгсэл,Sys,Мэдээллийн технологи,43,27,2
734,Цэрэн.Гэрэлмаа,F,2026,SPRING,AVERAGE,Lakehouse архитектур дата инженеринг,Sys,Мультимедийн технологи,44,25,23
735,Балдан.Солонго,F,2026,SPRING,WEAK,YOLO ашиглан замын хөдөлгөөний дүн шинжилгээ,AI,Мэдээллийн систем,45,22,27
736,Буян.Доржготов,M,2026,SPRING,AVERAGE,NLP ашиглан монгол текст ангилагч,AI,Компьютерийн ухаан,37,22,29
737,Норов.Тамир,M,2026,SPRING,AVERAGE,Ресторанны захиалгын мобайл апп,AppDev,Программ хангамж,38,28,33
738,Буян.Дулмаа,F,2026,SPRING,AVERAGE,VR ашиглан барилгын загвар харах систем,Game,Мэдээллийн технологи,39,18,9
739,Пүрэв.Бат-Эрдэнэ,M,2026,SPRING,EXCELLENT,Memory dumper ба форензик хэрэгсэл,Sys,Мультимедийн технологи,40,31,35
740,Буян.Баяраа,M,2026,SPRING,EXCELLENT,Memory dumper ба форензик хэрэгсэл,Sys,Мэдээллийн систем,41,9,24
741,Бямба.Номин,F,2026,SPRING,WEAK,Сургуулийн менежментийн мобайл апп,AppDev,Компьютерийн ухаан,42,30,25
742,Гэлэг.Лхагвасүрэн,F,2026,SPRING,AVERAGE,ERP модуль нэгтгэсэн мобайл апп,AppDev,Программ хангамж,43,20,7
743,Буян.Нямгэрэл,F,2026,SPRING,AVERAGE,Физикийн симуляци 3D орчин,Game,Мэдээллийн технологи,44,5,4
744,Нацаг.Номин,F,2026,SPRING,WEAK,Kubernetes сүлжээний удирдлагын хэрэгсэл,Sys,Мультимедийн технологи,45,33,11
745,Цэвэл.Батчимэг,F,2026,SPRING,AVERAGE,AR ашиглан хот төлөвлөлтийн загвар,Game,Мэдээллийн систем,37,2,19
746,Гомбожав.Мөнхбаяр,M,2026,SPRING,AVERAGE,Memory dumper ба форензик хэрэгсэл,Sys,Компьютерийн ухаан,38,31,3
747,Лодой.Мандхай,F,2026,SPRING,WEAK,Зан үйл таньж илрүүлэх систем,AI,Программ хангамж,39,1,32
748,Гомбо.Оюун,F,2026,SPRING,AVERAGE,E-Commerce вэб систем хөгжүүлэлт,AppDev,Мэдээллийн технологи,40,20,5
749,Санжаа.Отгонтөгс,M,2026,SPRING,AVERAGE,E-Commerce вэб систем хөгжүүлэлт,AppDev,Мультимедийн технологи,41,30,1
750,Жамбал.Нямдорж,M,2026,SPRING,AVERAGE,Порт сканнер ба сүлжээний аюулгүй байдлын хэрэгсэл,Sys,Мэдээллийн систем,42,25,10
751,Дүгэр.Гэрэл,F,2026,SPRING,AVERAGE,Projection mapping ашиглан урлагийн суулгац,Game,Компьютерийн ухаан,43,5,7
752,Цэвэл.Энхмандал,F,2026,SPRING,AVERAGE,Сургалтын интерактив 3D вэб симуляци,Game,Программ хангамж,44,26,23
753,Ган.Батхүү,M,2026,SPRING,EXCELLENT,Ресторанны захиалгын мобайл апп,AppDev,Мэдээллийн технологи,45,12,18
754,Мөнх.Хуягбаатар,M,2026,SPRING,WEAK,Эмнэлгийн цаг захиалгын вэб систем,AppDev,Мультимедийн технологи,37,10,29
755,Жамбал.Цэдэндамба,F,2026,SPRING,WEAK,Хурлын протокол LLM-ээр автоматаар боловсруулах,AI,Мэдээллийн систем,38,1,33
756,Намдаг.Санжаасүрэн,M,2026,SPRING,AVERAGE,Image Processing ашиглан ургамал таних,AI,Компьютерийн ухаан,39,19,30
757,Намдаг.Амарсайхан,M,2026,SPRING,AVERAGE,ETL pipeline автоматжуулалт,Sys,Программ хангамж,40,33,35
758,Содном.Бат-Эрдэнэ,M,2026,SPRING,EXCELLENT,Сургуулийн менежментийн мобайл апп,AppDev,Мэдээллийн технологи,41,24,1
759,Сүрэн.Ганболд,M,2026,SPRING,AVERAGE,Порт сканнер ба сүлжээний аюулгүй байдлын хэрэгсэл,Sys,Мультимедийн технологи,42,9,25
760,Дамба.Лувсанцэрэн,F,2026,SPRING,AVERAGE,Linux audit framework хөгжүүлэлт,Sys,Мэдээллийн систем,43,11,2
761,Ринчин.Ганцэцэг,F,2026,SPRING,AVERAGE,YOLO ашиглан замын хөдөлгөөний дүн шинжилгээ,AI,Компьютерийн ухаан,44,13,4
762,Галсан.Нармандах,F,2026,SPRING,AVERAGE,Физикийн симуляци 3D орчин,Game,Программ хангамж,45,2,18
763,Ринчин.Зундуй,M,2026,SPRING,AVERAGE,Стратеги тоглоомын AI дайсан,Game,Мэдээллийн технологи,37,17,29
764,Жамбал.Золзаяа,F,2026,SPRING,EXCELLENT,Сургуулийн менежментийн мобайл апп,AppDev,Мультимедийн технологи,38,30,21
765,Равжаа.Туяа,F,2026,SPRING,AVERAGE,Ресторанны захиалгын мобайл апп,AppDev,Мэдээллийн систем,39,10,32
766,Шагдар.Туяа,F,2026,SPRING,WEAK,E-Commerce вэб систем хөгжүүлэлт,AppDev,Компьютерийн ухаан,40,10,35
767,Гэлэг.Цэрэн,M,2026,SPRING,AVERAGE,LLM суурилсан чат бот хөгжүүлэлт,AI,Программ хангамж,41,3,20
768,Балдан.Дэлгэрбаяр,M,2026,SPRING,EXCELLENT,Memory dumper ба форензик хэрэгсэл,Sys,Мэдээллийн технологи,42,25,12
769,Шагдар.Гэрэлмаа,F,2026,SPRING,EXCELLENT,Kubernetes сүлжээний удирдлагын хэрэгсэл,Sys,Мультимедийн технологи,43,8,34
770,Жамбал.Хулан,F,2026,SPRING,AVERAGE,Ресторанны захиалгын мобайл апп,AppDev,Мэдээллийн систем,44,24,13
771,Ган.Баяртөгс,M,2026,SPRING,AVERAGE,Эмнэлгийн цаг захиалгын вэб систем,AppDev,Компьютерийн ухаан,45,30,27
772,Содном.Гэрэлмаа,F,2026,SPRING,AVERAGE,NLP ашиглан монгол текст ангилагч,AI,Программ хангамж,37,1,22
773,Галсан.Цэдэндамба,F,2026,SPRING,AVERAGE,E-Commerce вэб систем хөгжүүлэлт,AppDev,Мэдээллийн технологи,38,28,33
774,Балдан.Ганболд,M,2026,SPRING,EXCELLENT,3D цэгэн үүл боловсруулах систем,Game,Мультимедийн технологи,39,18,32
775,Дүгэр.Ариунболд,M,2026,SPRING,EXCELLENT,Автомашины уралдааны 3D тоглоом,Game,Мэдээллийн систем,40,17,5
776,Галсан.Туяа,F,2026,SPRING,AVERAGE,VR ашиглан барилгын загвар харах систем,Game,Компьютерийн ухаан,41,17,1
777,Санжаа.Алтансүх,M,2026,SPRING,AVERAGE,Порт сканнер ба сүлжээний аюулгүй байдлын хэрэгсэл,Sys,Программ хангамж,42,9,12
778,Равжаа.Энхтуяа,F,2026,SPRING,AVERAGE,Сүлжээний гүйцэтгэлийн дүн шинжилгээ,Sys,Мэдээллийн технологи,43,27,8
779,Жигмэд.Нарандэлгэр,F,2026,SPRING,AVERAGE,Тархмал систем мониторинг хяналт,Sys,Мультимедийн технологи,44,9,23
780,Гэлэг.Наранцэцэг,F,2026,SPRING,WEAK,Сургалтын интерактив 3D вэб симуляци,Game,Мэдээллийн систем,45,17,18
781,Чулуун.Дашдорж,M,2026,SPRING,EXCELLENT,YOLO ашиглан замын хөдөлгөөний дүн шинжилгээ,AI,Компьютерийн ухаан,37,32,22
782,Сүрэн.Золо,F,2026,SPRING,AVERAGE,Motion-based дасгал хийх тоглоом,Game,Программ хангамж,38,17,21
783,Жамц.Равдан,M,2026,SPRING,AVERAGE,LLM суурилсан чат бот хөгжүүлэлт,AI,Мэдээллийн технологи,39,6,17
784,Гомбожав.Энхтуяа,F,2026,SPRING,AVERAGE,Kubernetes сүлжээний удирдлагын хэрэгсэл,Sys,Мультимедийн технологи,40,25,35
785,Мөнх.Хурц,M,2026,SPRING,AVERAGE,Физикийн симуляци 3D орчин,Game,Мэдээллийн систем,41,17,1
786,Нар.Энхтуяа,F,2026,SPRING,WEAK,Автомашины уралдааны 3D тоглоом,Game,Компьютерийн ухаан,42,17,12
787,Ган.Орхон,M,2026,SPRING,AVERAGE,Lakehouse архитектур дата инженеринг,Sys,Программ хангамж,43,33,2
788,Гэлэг.Буянтогтох,M,2026,SPRING,EXCELLENT,Image Processing ашиглан ургамал таних,AI,Мэдээллийн технологи,44,6,23
789,Буян.Отгонтөгс,M,2026,SPRING,EXCELLENT,Мэдээллийн аюулгүй байдлын аудит систем,Sys,Мультимедийн технологи,45,27,11
790,Буян.Бямбасүрэн,M,2026,SPRING,AVERAGE,Монгол нүүдлийн соёлын VR музей,Game,Мэдээллийн систем,37,16,19
791,Буян.Батчулуун,M,2026,SPRING,WEAK,RAG систем ашиглан мэдлэгийн сан,AI,Компьютерийн ухаан,38,32,33
792,Бямба.Нямгэрэл,F,2026,SPRING,AVERAGE,Нийтийн тээврийн хяналтын вэб апп,AppDev,Программ хангамж,39,4,17
793,Жамбал.Нандинцэцэг,F,2026,SPRING,WEAK,Сагсан бөмбөгийн тэмцээн удирдах вэб платформ,AppDev,Мэдээллийн технологи,40,4,35
794,Равжаа.Одгэрэл,F,2026,SPRING,AVERAGE,Сургуулийн менежментийн мобайл апп,AppDev,Мультимедийн технологи,41,4,20
795,Чулуун.Дэлгэрцэцэг,F,2026,SPRING,EXCELLENT,E-Commerce вэб систем хөгжүүлэлт,AppDev,Мэдээллийн систем,42,10,25
796,Нацаг.Гантулга,M,2026,SPRING,WEAK,LLM суурилсан чат бот хөгжүүлэлт,AI,Компьютерийн ухаан,43,7,8
797,Дүгэр.Золо,F,2026,SPRING,AVERAGE,Lakehouse архитектур дата инженеринг,Sys,Программ хангамж,44,33,13
798,Галсан.Зоригоо,M,2026,SPRING,AVERAGE,Физикийн симуляци 3D орчин,Game,Мэдээллийн технологи,45,18,11
799,Буян.Батхүү,M,2026,SPRING,AVERAGE,Ресторанны захиалгын мобайл апп,AppDev,Мультимедийн технологи,37,12,29
800,Дамба.Санжаасүрэн,M,2026,SPRING,AVERAGE,Хүний нөөцийн ярилцлагын удирдлагын систем,AppDev,Мэдээллийн систем,38,4,21
801,Чулуун.Нарандэлгэр,F,2026,FALL,WEAK,ETL pipeline автоматжуулалт,Sys,Компьютерийн ухаан,46,9,2
802,Лодой.Намсрай,M,2026,FALL,WEAK,Memory dumper ба форензик хэрэгсэл,Sys,Программ хангамж,47,11,15
803,Гэлэг.Зоригоо,M,2026,FALL,WEAK,Kubernetes сүлжээний удирдлагын хэрэгсэл,Sys,Мэдээллийн технологи,48,25,20
804,Цэрэн.Бурмаа,F,2026,FALL,WEAK,Сүлжээний гүйцэтгэлийн дүн шинжилгээ,Sys,Мультимедийн технологи,49,33,4
805,Нацаг.Мөнхтулга,M,2026,FALL,AVERAGE,Эмнэлгийн цаг захиалгын вэб систем,AppDev,Мэдээллийн систем,50,12,30
806,Равжаа.Ганбаяр,M,2026,FALL,AVERAGE,Мэдээллийн аюулгүй байдлын аудит систем,Sys,Компьютерийн ухаан,51,9,12
807,Баатар.Дамдинсүрэн,M,2026,FALL,EXCELLENT,CNN ашиглан шувуу таних систем,AI,Программ хангамж,52,1,24
808,Дорж.Дагиймаа,F,2026,FALL,AVERAGE,Сургуулийн менежментийн мобайл апп,AppDev,Мэдээллийн технологи,53,12,1
809,Намдаг.Хурц,M,2026,FALL,WEAK,Хурлын протокол LLM-ээр автоматаар боловсруулах,AI,Мультимедийн технологи,54,3,17
810,Гомбожав.Ганзориг,M,2026,FALL,WEAK,Порт сканнер ба сүлжээний аюулгүй байдлын хэрэгсэл,Sys,Мэдээллийн систем,46,31,29
811,Ринчин.Санжаасүрэн,M,2026,FALL,AVERAGE,3D цэгэн үүл боловсруулах систем,Game,Компьютерийн ухаан,47,26,15
812,Шагдар.Лувсанцэрэн,F,2026,FALL,WEAK,Физикийн симуляци 3D орчин,Game,Программ хангамж,48,14,6
813,Жамбал.Гантулга,M,2026,FALL,EXCELLENT,Монгол нүүдлийн соёлын VR музей,Game,Мэдээллийн технологи,49,16,4
814,Шагдар.Ганзориг,M,2026,FALL,AVERAGE,3D цэгэн үүл боловсруулах систем,Game,Мультимедийн технологи,50,16,32
815,Жамц.Доржготов,M,2026,FALL,EXCELLENT,Сагсан бөмбөгийн тэмцээн удирдах вэб платформ,AppDev,Мэдээллийн систем,51,10,12
816,Лхам.Лувсанцэрэн,F,2026,FALL,AVERAGE,Сургалтын интерактив 3D вэб симуляци,Game,Компьютерийн ухаан,52,2,22
817,Балдан.Хулан,F,2026,FALL,EXCELLENT,Стратеги тоглоомын AI дайсан,Game,Программ хангамж,53,26,1
818,Дамба.Ариунболд,M,2026,FALL,WEAK,VR ашиглан барилгын загвар харах систем,Game,Мэдээллийн технологи,54,17,3
819,Бат.Энхмандал,F,2026,FALL,AVERAGE,Motion-based дасгал хийх тоглоом,Game,Мультимедийн технологи,46,26,29
820,Буян.Одонтуяа,F,2026,FALL,EXCELLENT,Image Processing ашиглан ургамал таних,AI,Мэдээллийн систем,47,32,15
821,Буян.Мөнхзул,F,2026,FALL,AVERAGE,Тархмал систем мониторинг хяналт,Sys,Компьютерийн ухаан,48,33,20
822,Мөнх.Туяа,F,2026,FALL,AVERAGE,ETL pipeline автоматжуулалт,Sys,Программ хангамж,49,9,4
823,Гомбожав.Дамдинсүрэн,M,2026,FALL,EXCELLENT,E-Commerce вэб систем хөгжүүлэлт,AppDev,Мэдээллийн технологи,50,30,11
824,Нар.Хишигдэлэг,F,2026,FALL,AVERAGE,Lakehouse архитектур дата инженеринг,Sys,Мультимедийн технологи,51,31,12
825,Лодой.Цэцэгдэлгэр,F,2026,FALL,AVERAGE,RAG систем ашиглан мэдлэгийн сан,AI,Мэдээллийн систем,52,15,18
826,Буян.Ариунболд,M,2026,FALL,AVERAGE,Image Processing ашиглан ургамал таних,AI,Компьютерийн ухаан,53,7,1
827,Жамц.Наранцэцэг,F,2026,FALL,WEAK,ERP модуль нэгтгэсэн мобайл апп,AppDev,Программ хангамж,54,20,17
828,Шагдар.Цэрэнпунцаг,F,2026,FALL,AVERAGE,Сургалтын интерактив 3D вэб симуляци,Game,Мэдээллийн технологи,46,26,16
829,Лхам.Равдан,M,2026,FALL,AVERAGE,Projection mapping ашиглан урлагийн суулгац,Game,Мультимедийн технологи,47,14,19
830,Мөнх.Тамир,M,2026,FALL,AVERAGE,3D цэгэн үүл боловсруулах систем,Game,Мэдээллийн систем,48,14,6
831,Содном.Ариунаа,F,2026,FALL,WEAK,Сургалтын интерактив 3D вэб симуляци,Game,Компьютерийн ухаан,49,16,21
832,Ган.Энхмандал,F,2026,FALL,AVERAGE,Deep Learning ашиглан нүүр таних,AI,Программ хангамж,50,19,11
833,Цэвэл.Дэлгэрбаяр,M,2026,FALL,EXCELLENT,ERP модуль нэгтгэсэн мобайл апп,AppDev,Мэдээллийн технологи,51,12,7
834,Дорж.Дэлгэрмаа,F,2026,FALL,WEAK,Нийтийн тээврийн хяналтын вэб апп,AppDev,Мультимедийн технологи,52,20,26
835,Намдаг.Нармандах,F,2026,FALL,AVERAGE,Machine Learning ашиглан эрүүл мэндийн оношилгоо,AI,Мэдээллийн систем,53,7,1
836,Санжаа.Одонтуяа,F,2026,FALL,AVERAGE,Machine Learning ашиглан эрүүл мэндийн оношилгоо,AI,Компьютерийн ухаан,54,1,17
837,Дорж.Лундэнгийн,M,2026,FALL,AVERAGE,3D цэгэн үүл боловсруулах систем,Game,Программ хангамж,46,17,2
838,Пүрэв.Мөнхцэцэг,F,2026,FALL,EXCELLENT,ERP модуль нэгтгэсэн мобайл апп,AppDev,Мэдээллийн технологи,47,30,15
839,Пүрэв.Лундэнгийн,M,2026,FALL,AVERAGE,Motion-based дасгал хийх тоглоом,Game,Мультимедийн технологи,48,14,6
840,Нар.Цэцэгдэлгэр,F,2026,FALL,AVERAGE,Сүлжээний гүйцэтгэлийн дүн шинжилгээ,Sys,Мэдээллийн систем,49,33,5
841,Лодой.Батчулуун,M,2026,FALL,AVERAGE,Machine Learning ашиглан эрүүл мэндийн оношилгоо,AI,Компьютерийн ухаан,50,29,11
842,Бат.Буянтогтох,M,2026,FALL,WEAK,Machine Learning ашиглан эрүүл мэндийн оношилгоо,AI,Программ хангамж,51,21,12
843,Мөнх.Оюунцэцэг,F,2026,FALL,AVERAGE,Хурлын протокол LLM-ээр автоматаар боловсруулах,AI,Мэдээллийн технологи,52,19,26
844,Гэлэг.Нарантуяа,F,2026,FALL,AVERAGE,Физикийн симуляци 3D орчин,Game,Мультимедийн технологи,53,14,33
845,Норов.Орхон,M,2026,FALL,EXCELLENT,Projection mapping ашиглан урлагийн суулгац,Game,Мэдээллийн систем,54,14,25
846,Сүрэн.Дэлгэрцэцэг,F,2026,FALL,WEAK,Физикийн симуляци 3D орчин,Game,Компьютерийн ухаан,46,26,29
847,Ган.Сарантуяа,F,2026,FALL,AVERAGE,ETL pipeline автоматжуулалт,Sys,Программ хангамж,47,33,19
848,Дүгэр.Орхон,M,2026,FALL,EXCELLENT,Бараа агуулахын удирдлагын платформ,AppDev,Мэдээллийн технологи,48,30,6
849,Галсан.Золзаяа,F,2026,FALL,AVERAGE,Real-time CDC Analytics Pipeline систем,Sys,Мультимедийн технологи,49,33,21
850,Сүрэн.Отгонтөгс,M,2026,FALL,WEAK,Хүний нөөцийн ярилцлагын удирдлагын систем,AppDev,Мэдээллийн систем,50,10,30
851,Чулуун.Батзориг,M,2026,FALL,AVERAGE,Machine Learning ашиглан эрүүл мэндийн оношилгоо,AI,Компьютерийн ухаан,51,7,12
852,Ган.Наранцэцэг,F,2026,FALL,AVERAGE,Мэдээллийн аюулгүй байдлын аудит систем,Sys,Программ хангамж,52,31,26
853,Жигмэд.Халиун,F,2026,FALL,AVERAGE,Порт сканнер ба сүлжээний аюулгүй байдлын хэрэгсэл,Sys,Мэдээллийн технологи,53,25,33
854,Пүрэв.Батмөнх,M,2026,FALL,AVERAGE,3D цэгэн үүл боловсруулах систем,Game,Мультимедийн технологи,54,18,25
855,Чулуун.Одонтуяа,F,2026,FALL,AVERAGE,AR ашиглан хот төлөвлөлтийн загвар,Game,Мэдээллийн систем,46,17,8
856,Жамбал.Доржготов,M,2026,FALL,AVERAGE,NLP ашиглан монгол текст ангилагч,AI,Компьютерийн ухаан,47,7,15
857,Дорж.Туяа,F,2026,FALL,WEAK,Онлайн сургалтын вэб систем,AppDev,Программ хангамж,48,10,6
858,Лодой.Ундрал,F,2026,FALL,AVERAGE,Deep Learning ашиглан нүүр таних,AI,Мэдээллийн технологи,49,13,4
859,Жигмэд.Самбуу,M,2026,FALL,EXCELLENT,Хурлын протокол LLM-ээр автоматаар боловсруулах,AI,Мультимедийн технологи,50,6,11
860,Нацаг.Буянтогтох,F,2026,FALL,EXCELLENT,Бараа агуулахын удирдлагын платформ,AppDev,Мэдээллийн систем,51,4,35
861,Пүрэв.Оюун,F,2026,FALL,AVERAGE,E-Commerce вэб систем хөгжүүлэлт,AppDev,Компьютерийн ухаан,52,35,26
862,Жамц.Ганболд,M,2026,FALL,WEAK,Сүлжээний гүйцэтгэлийн дүн шинжилгээ,Sys,Программ хангамж,53,8,1
863,Гэлэг.Хулан,F,2026,FALL,AVERAGE,NLP ашиглан монгол текст ангилагч,AI,Мэдээллийн технологи,54,15,25
864,Лодой.Равдан,M,2026,FALL,AVERAGE,Ресторанны захиалгын мобайл апп,AppDev,Мультимедийн технологи,46,35,8
865,Цэрэн.Оюунбилэг,F,2026,FALL,WEAK,3D цэгэн үүл боловсруулах систем,Game,Мэдээллийн систем,47,17,34
866,Жигмэд.Батсайхан,M,2026,FALL,EXCELLENT,Тархмал систем мониторинг хяналт,Sys,Компьютерийн ухаан,48,25,28
867,Гомбожав.Золзаяа,F,2026,FALL,EXCELLENT,Ресторанны захиалгын мобайл апп,AppDev,Программ хангамж,49,24,5
868,Содном.Одонтуяа,F,2026,FALL,AVERAGE,Эмнэлгийн цаг захиалгын вэб систем,AppDev,Мэдээллийн технологи,50,28,11
869,Гомбожав.Мандхай,F,2026,FALL,AVERAGE,Motion-based дасгал хийх тоглоом,Game,Мультимедийн технологи,51,18,7
870,Дүгэр.Нандин,F,2026,FALL,WEAK,ETL pipeline автоматжуулалт,Sys,Мэдээллийн систем,52,27,18
871,Нар.Баясгалан,M,2026,FALL,AVERAGE,Сагсан бөмбөгийн тэмцээн удирдах вэб платформ,AppDev,Компьютерийн ухаан,53,4,33
872,Нямаа.Мөнхтулга,M,2026,FALL,AVERAGE,CNN ашиглан шувуу таних систем,AI,Программ хангамж,54,23,13
873,Жигмэд.Цэцэгдэлгэр,F,2026,FALL,WEAK,ERP модуль нэгтгэсэн мобайл апп,AppDev,Мэдээллийн технологи,46,30,16
874,Санжаа.Энхзул,F,2026,FALL,AVERAGE,E-Commerce вэб систем хөгжүүлэлт,AppDev,Мультимедийн технологи,47,12,19
875,Жамбал.Энхбат,M,2026,FALL,AVERAGE,ETL pipeline автоматжуулалт,Sys,Мэдээллийн систем,48,31,28
876,Нар.Хулан,F,2026,FALL,AVERAGE,Мэдээллийн аюулгүй байдлын аудит систем,Sys,Компьютерийн ухаан,49,9,4
877,Мөнх.Зоригоо,M,2026,FALL,WEAK,Мэдээллийн аюулгүй байдлын аудит систем,Sys,Программ хангамж,50,8,11
878,Нацаг.Хулан,F,2026,FALL,AVERAGE,3D цэгэн үүл боловсруулах систем,Game,Мэдээллийн технологи,51,5,12
879,Цэвэл.Батсайхан,M,2026,FALL,AVERAGE,Зан үйл таньж илрүүлэх систем,AI,Мультимедийн технологи,52,1,18
880,Норов.Мөнхтулга,M,2026,FALL,AVERAGE,Сагсан бөмбөгийн тэмцээн удирдах вэб платформ,AppDev,Мэдээллийн систем,53,12,14
881,Сүрэн.Орхон,M,2026,FALL,AVERAGE,Image Processing ашиглан ургамал таних,AI,Компьютерийн ухаан,54,15,17
882,Намдаг.Алтансүх,M,2026,FALL,EXCELLENT,Lakehouse архитектур дата инженеринг,Sys,Программ хангамж,46,25,16
883,Нацаг.Намсрай,M,2026,FALL,EXCELLENT,Deep Learning ашиглан нүүр таних,AI,Мэдээллийн технологи,47,13,10
884,Намдаг.Оюунцэцэг,F,2026,FALL,WEAK,Стратеги тоглоомын AI дайсан,Game,Мультимедийн технологи,48,5,20
885,Сүрэн.Дулмаа,F,2026,FALL,AVERAGE,Linux audit framework хөгжүүлэлт,Sys,Мэдээллийн систем,49,9,21
886,Ринчин.Бурмаа,F,2026,FALL,AVERAGE,Физикийн симуляци 3D орчин,Game,Компьютерийн ухаан,50,18,30
887,Дүгэр.Батчимэг,F,2026,FALL,EXCELLENT,Kubernetes сүлжээний удирдлагын хэрэгсэл,Sys,Программ хангамж,51,11,7
888,Мөнх.Батзориг,M,2026,FALL,AVERAGE,Нийтийн тээврийн хяналтын вэб апп,AppDev,Мэдээллийн технологи,52,4,22
889,Сүрэн.Одгэрэл,F,2026,FALL,AVERAGE,Kubernetes сүлжээний удирдлагын хэрэгсэл,Sys,Мультимедийн технологи,53,8,33
890,Намдаг.Мөнхцэцэг,F,2026,FALL,EXCELLENT,Linux audit framework хөгжүүлэлт,Sys,Мэдээллийн систем,54,11,3
891,Санжаа.Энхтөр,M,2026,FALL,AVERAGE,Хүний нөөцийн ярилцлагын удирдлагын систем,AppDev,Компьютерийн ухаан,46,35,8
892,Буян.Золзаяа,F,2026,FALL,AVERAGE,Memory dumper ба форензик хэрэгсэл,Sys,Программ хангамж,47,27,34
893,Балдан.Баяраа,M,2026,FALL,AVERAGE,ETL pipeline автоматжуулалт,Sys,Мэдээллийн технологи,48,27,28
894,Равжаа.Батчулуун,M,2026,FALL,WEAK,Онлайн сургалтын вэб систем,AppDev,Мультимедийн технологи,49,10,21
895,Норов.Энхбат,M,2026,FALL,WEAK,Kubernetes сүлжээний удирдлагын хэрэгсэл,Sys,Мэдээллийн систем,50,9,30
896,Дорж.Хулан,F,2026,FALL,AVERAGE,Сургуулийн менежментийн мобайл апп,AppDev,Компьютерийн ухаан,51,12,35
897,Энх.Нарантуяа,F,2026,FALL,WEAK,Real-time CDC Analytics Pipeline систем,Sys,Программ хангамж,52,33,22
898,Ган.Нямдорж,M,2026,FALL,WEAK,Хурлын протокол LLM-ээр автоматаар боловсруулах,AI,Мэдээллийн технологи,53,15,33
899,Намдаг.Ундрал,F,2026,FALL,WEAK,AR ашиглан хот төлөвлөлтийн загвар,Game,Мультимедийн технологи,54,2,13
900,Баатар.Нармандах,F,2026,FALL,AVERAGE,VR ашиглан барилгын загвар харах систем,Game,Мэдээллийн систем,46,26,2
