Хөтөлбөр,Нэр,ID,Удирдагч багш,Онолын судалгаа ба сэдвийг эзэмшсэн байдал (6),Ажлын төлөвлөгөөний хэрэгжилт гүйцэтгэл (9),Илтгэсэн асуултад харуулсан байдал (5),Нийт (20)
Компьютерийн ухаан,Содном.Дулмаа,1,Содном.Нарантуяа,5,8,4,17
Программ хангамж,Сүрэн.Цэцэгмаа,2,Балдан.Дэмчигдорж,6,8,4,18
Мэдээллийн технологи,Бямба.Золо,3,Лхам.Оюун,5,8,5,18
Мультимедийн технологи,Гэлэг.Солонго,4,Гомбо.Нармандах,4,6,4,14
Мэдээллийн систем,Гомбожав.Хишигдэлэг,5,Галсан.Самбуу,5,7,4,16
Компьютерийн ухаан,Мөнх.Цэдэндамба,6,Лхам.Цэрэнпунцаг,5,8,4,17
Программ хангамж,Жамбал.Лувсандорж,7,Лхам.Цэрэнпунцаг,5,7,5,17
Мэдээллийн технологи,Энх.Жаргалсайхан,8,Балдан.Энхбат,6,9,5,20
Мультимедийн технологи,Санжаа.Тамир,9,Жигмэд.Гэрэлмаа,5,7,4,16
Мэдээллийн систем,Ринчин.Солонго,10,Балдан.Энхбат,4,7,3,14
Компьютерийн ухаан,Бямба.Бадамсүрэн,11,Лхам.Оюун,6,9,5,20
Программ хангамж,Балдан.Оюун,12,Содном.Ганболд,4,7,4,15
Мэдээллийн технологи,Буян.Лхагвасүрэн,13,Мөнх.Нямдорж,3,5,3,11
Мультимедийн технологи,Шагдар.Хулан,14,Дорж.Жаргалсайхан,5,6,4,15
Мэдээллийн систем,Санжаа.Мөнхжаргал,15,Жигмэд.Гэрэлмаа,5,8,3,16
Компьютерийн ухаан,Буян.Дэлгэрмаа,16,Шагдар.Бадамсүрэн,5,7,4,16
Программ хангамж,Цэрэн.Нарантуяа,17,Жигмэд.Цэдэндамба,4,7,3,14
Мэдээллийн технологи,Гомбожав.Баярсайхан,18,Балдан.Энхбат,5,8,4,17
Мультимедийн технологи,Дамба.Бямбасүрэн,19,Намдаг.Баттөр,4,6,3,13
Мэдээллийн систем,Пүрэв.Гэрэлтуяа,20,Содном.Нарантуяа,5,9,5,19
Компьютерийн ухаан,Содном.Ундрал,21,Содном.Батсайхан,5,7,4,16
Программ хангамж,Нямаа.Батзориг,22,Энх.Амарсайхан,6,9,5,20
Мэдээллийн технологи,Шагдар.Нандин,23,Шагдар.Бадамсүрэн,5,7,4,16
Мультимедийн технологи,Бямба.Солонго,24,Жигмэд.Цэдэндамба,4,7,3,14
Мэдээллийн систем,Жигмэд.Нямгэрэл,25,Содном.Ганболд,2,5,2,9
Компьютерийн ухаан,Дорж.Тунгалаг,26,Лхам.Оюун,6,9,5,20
Программ хангамж,Норов.Лхагвасүрэн,27,Гомбожав.Дэлгэрмаа,5,7,4,16
Мэдээллийн технологи,Цэрэн.Одонтуяа,28,Шагдар.Бадамсүрэн,5,8,4,17
Мультимедийн технологи,Ган.Хишигдэлэг,29,Нацаг.Отгонтөгс,5,6,3,14
Мэдээллийн систем,Гэлэг.Тэмүүлэн,30,Бат.Мөнхбаяр,3,4,2,9
Компьютерийн ухаан,Буян.Гэрэлтуяа,31,Энх.Мөнхтөр,3,5,3,11
Программ хангамж,Гэлэг.Зундуй,32,Лхам.Оюун,5,8,4,17
Мэдээллийн технологи,Балдан.Отгонтөгс,33,Намдаг.Гэндэнпэрэнлэй,5,8,4,17
Мультимедийн технологи,Лодой.Ариунболд,34,Балдан.Ундрал,3,6,3,12
Мэдээллийн систем,Бат.Нандин,35,Ринчин.Батзориг,6,9,5,20
Компьютерийн ухаан,Намдаг.Ганболд,36,Содном.Нарантуяа,5,8,5,18
Программ хангамж,Нацаг.Нармандах,37,Энх.Мөнхтөр,5,7,4,16
Мэдээллийн технологи,Галсан.Санжаасүрэн,38,Галсан.Самбуу,6,9,5,20
Мультимедийн технологи,Буян.Цэцэгдэлгэр,39,Гомбожав.Дэлгэрмаа,4,6,4,14
Мэдээллийн систем,Жамбал.Нямгэрэл,40,Мөнх.Нямдорж,6,8,5,19
Компьютерийн ухаан,Гэлэг.Дулмаа,41,Сүрэн.Гэрэлтуяа,6,8,5,19
Программ хангамж,Энх.Гунгаасүрэн,42,Балдан.Дэмчигдорж,6,9,5,20
Мэдээллийн технологи,Шагдар.Санжаасүрэн,43,Содном.Нарантуяа,5,8,5,18
Мультимедийн технологи,Равжаа.Батсайхан,44,Шагдар.Бадамсүрэн,6,8,5,19
Мэдээллийн систем,Лодой.Дэлгэрцэцэг,45,Лхам.Цэрэнпунцаг,6,9,5,20
Компьютерийн ухаан,Лодой.Оюун,46,Лхам.Цэрэнпунцаг,5,7,4,16
Программ хангамж,Буян.Ганцэцэг,47,Гомбо.Нармандах,3,7,4,14
Мэдээллийн технологи,Равжаа.Нарандэлгэр,48,Бат.Мөнхбаяр,4,7,4,15
Мультимедийн технологи,Ринчин.Буянтогтох,49,Намдаг.Баттөр,5,7,4,16
Мэдээллийн систем,Гомбожав.Баяртөгс,50,Гомбо.Нармандах,5,8,5,18
Компьютерийн ухаан,Цэрэн.Баяраа,51,Галсан.Самбуу,5,8,5,18
Программ хангамж,Пүрэв.Цэдэндамба,52,Лхам.Цэрэнпунцаг,5,8,4,17
Мэдээллийн технологи,Бат.Бурмаа,53,Балдан.Ундрал,5,8,4,17
Мультимедийн технологи,Галсан.Лувсанцэрэн,54,Бат.Мөнхбаяр,3,6,3,12
Мэдээллийн систем,Ринчин.Ганзориг,55,Галсан.Самбуу,4,6,3,13
Компьютерийн ухаан,Баатар.Баяртөгс,56,Цэрэн.Лхагвасүрэн,4,7,4,15
Программ хангамж,Буян.Эрдэнэбат,57,Гомбо.Энхзул,4,7,3,14
Мэдээллийн технологи,Дүгэр.Зоригоо,58,Дорж.Орхон,3,5,3,11
Мультимедийн технологи,Дүгэр.Энхмандал,59,Бат.Мөнхбаяр,4,6,3,13
Мэдээллийн систем,Нар.Сарантуяа,60,Гомбо.Нармандах,4,7,4,15
Компьютерийн ухаан,Галсан.Баатарсүрэн,61,Гомбо.Нармандах,3,5,2,10
Программ хангамж,Гомбо.Пүрэвдорж,62,Сүрэн.Гэрэлтуяа,5,7,4,16
Мэдээллийн технологи,Дорж.Баярсайхан,63,Гомбожав.Дэлгэрмаа,5,9,5,19
Мультимедийн технологи,Норов.Мөнхцэцэг,64,Энх.Амарсайхан,5,8,5,18
Мэдээллийн систем,Бямба.Цэнгэл,65,Гомбо.Энхзул,5,8,4,17
Компьютерийн ухаан,Галсан.Баттөр,66,Лхам.Цэрэнпунцаг,4,6,3,13
Программ хангамж,Норов.Батзориг,67,Гомбо.Энхзул,4,7,3,14
Мэдээллийн технологи,Дамба.Наранцэцэг,68,Нацаг.Отгонтөгс,5,8,4,17
Мультимедийн технологи,Нацаг.Мөнхзул,69,Бат.Мөнхбаяр,4,6,3,13
Мэдээллийн систем,Бямба.Доржготов,70,Гомбо.Нармандах,4,7,4,15
Компьютерийн ухаан,Ган.Ариунаа,71,Жигмэд.Гэрэлмаа,3,6,3,12
Программ хангамж,Шагдар.Буянтогтох,72,Санжаа.Дэлгэрцэцэг,5,7,4,16
Мэдээллийн технологи,Гомбо.Мөнхзул,73,Шагдар.Бадамсүрэн,5,8,4,17
Мультимедийн технологи,Энх.Ундрал,74,Цэрэн.Лундэнгийн,5,8,4,17
Мэдээллийн систем,Ринчин.Одгэрэл,75,Бямба.Алтансүх,6,8,4,18
Компьютерийн ухаан,Мөнх.Лувсанцэрэн,76,Галсан.Самбуу,5,8,4,17
Программ хангамж,Гомбо.Цэрэнпунцаг,77,Намдаг.Баттөр,6,9,5,20
Мэдээллийн технологи,Лхам.Туяа,78,Нацаг.Отгонтөгс,5,7,3,15
Мультимедийн технологи,Нацаг.Отгонбаяр,79,Гомбо.Нармандах,3,4,3,10
Мэдээллийн систем,Нацаг.Эрдэнэбат,80,Санжаа.Дэлгэрцэцэг,5,7,4,16
Компьютерийн ухаан,Дүгэр.Тамир,81,Содном.Нарантуяа,5,8,4,17
Программ хангамж,Пүрэв.Доржготов,82,Бямба.Алтансүх,4,5,3,12
Мэдээллийн технологи,Гэлэг.Дагиймаа,83,Шагдар.Бадамсүрэн,6,8,5,19
Мультимедийн технологи,Содном.Буянтогтох,84,Бат.Дэлгэрцэцэг,6,8,5,19
Мэдээллийн систем,Балдан.Баттөр,85,Энх.Амарсайхан,5,8,4,17
Компьютерийн ухаан,Нямаа.Орхон,86,Нар.Баттөр,5,8,5,18
Программ хангамж,Шагдар.Чойжилсүрэн,87,Гомбожав.Дэлгэрмаа,5,6,4,15
Мэдээллийн технологи,Ган.Баатарсүрэн,88,Санжаа.Дэлгэрцэцэг,5,7,4,16
Мультимедийн технологи,Дүгэр.Нармандах,89,Дорж.Жаргалсайхан,3,5,2,10
Мэдээллийн систем,Энх.Нямдорж,90,Энх.Мөнхтөр,3,5,3,11
Компьютерийн ухаан,Равжаа.Ариунболд,91,Намдаг.Гэндэнпэрэнлэй,4,6,4,14
Программ хангамж,Жигмэд.Сарантуяа,92,Галсан.Самбуу,5,8,4,17
Мэдээллийн технологи,Пүрэв.Бадамсүрэн,93,Бат.Дэлгэрцэцэг,4,7,3,14
Мультимедийн технологи,Нямаа.Оюунцэцэг,94,Энх.Мөнхтөр,4,5,3,12
Мэдээллийн систем,Энх.Буянтогтох,95,Нацаг.Отгонтөгс,4,7,4,15
Компьютерийн ухаан,Буян.Мэргэн,96,Галсан.Самбуу,4,7,4,15
Программ хангамж,Балдан.Баярсайхан,97,Жигмэд.Гэрэлмаа,4,5,3,12
Мэдээллийн технологи,Шагдар.Мөнхцэцэг,98,Галсан.Самбуу,5,8,5,18
Мультимедийн технологи,Дүгэр.Ганбаяр,99,Намдаг.Гэндэнпэрэнлэй,3,3,3,9
Мэдээллийн систем,Чулуун.Энхмандал,100,Содном.Нарантуяа,5,8,4,17
Компьютерийн ухаан,Намдаг.Оюунбилэг,101,Балдан.Дэмчигдорж,6,9,4,19
Программ хангамж,Нацаг.Цэнгэл,102,Намдаг.Баттөр,4,6,4,14
Мэдээллийн технологи,Дүгэр.Дулмаа,103,Балдан.Энхбат,6,8,5,19
Мультимедийн технологи,Ган.Ганцэцэг,104,Содном.Нарантуяа,5,9,5,19
Мэдээллийн систем,Жамбал.Зоригоо,105,Лхам.Цэрэнпунцаг,5,6,4,15
Компьютерийн ухаан,Жигмэд.Мөнхтулга,106,Дорж.Жаргалсайхан,4,6,3,13
Программ хангамж,Пүрэв.Мөнхбаяр,107,Содном.Ганболд,4,6,3,13
Мэдээллийн технологи,Буян.Цогтбаатар,108,Содном.Батсайхан,5,7,4,16
Мультимедийн технологи,Жамбал.Гунгаасүрэн,109,Санжаа.Дэлгэрцэцэг,4,7,4,15
Мэдээллийн систем,Жамбал.Алтансүх,110,Лхам.Цэрэнпунцаг,5,8,5,18
Компьютерийн ухаан,Норов.Бурмаа,111,Бямба.Алтансүх,5,8,4,17
Программ хангамж,Буян.Золо,112,Намдаг.Гэндэнпэрэнлэй,4,6,3,13
Мэдээллийн технологи,Санжаа.Лувсанцэрэн,113,Гомбожав.Дэлгэрмаа,5,7,4,16
Мультимедийн технологи,Чулуун.Дэлгэрбаяр,114,Лхам.Оюун,5,8,4,17
Мэдээллийн систем,Нар.Буянтогтох,115,Санжаа.Дэлгэрцэцэг,4,5,3,12
Компьютерийн ухаан,Бат.Энхбат,116,Мөнх.Нямдорж,6,9,4,19
Программ хангамж,Баатар.Баясгалан,117,Балдан.Дэмчигдорж,6,9,5,20
Мэдээллийн технологи,Энх.Ганболд,118,Цэрэн.Лундэнгийн,5,9,4,18
Мультимедийн технологи,Ган.Мөнхбаяр,119,Гомбо.Энхзул,3,4,2,9
Мэдээллийн систем,Жамбал.Мөнхтөр,120,Мөнх.Нямдорж,4,7,4,15
Компьютерийн ухаан,Галсан.Доржготов,121,Дорж.Орхон,4,6,3,13
Программ хангамж,Цэвэл.Энхзул,122,Балдан.Дэмчигдорж,5,8,5,18
Мэдээллийн технологи,Гэлэг.Батчимэг,123,Энх.Амарсайхан,5,9,5,19
Мультимедийн технологи,Жамц.Нандин,124,Лхам.Оюун,6,9,5,20
Мэдээллийн систем,Ринчин.Жаргалсайхан,125,Лхам.Цэрэнпунцаг,5,7,5,17
Компьютерийн ухаан,Цэрэн.Хишигдэлэг,126,Ринчин.Батзориг,5,9,5,19
Программ хангамж,Лхам.Нямдорж,127,Ринчин.Батзориг,6,9,4,19
Мэдээллийн технологи,Чулуун.Бат-Эрдэнэ,128,Сүрэн.Гэрэлтуяа,6,9,5,20
Мультимедийн технологи,Жамц.Буянтогтох,129,Бямба.Алтансүх,5,7,4,16
Мэдээллийн систем,Нацаг.Батчимэг,130,Балдан.Дэмчигдорж,6,9,5,20
Компьютерийн ухаан,Сүрэн.Баяртөгс,131,Жигмэд.Гэрэлмаа,5,7,4,16
Программ хангамж,Дорж.Лувсанцэрэн,132,Жигмэд.Цэдэндамба,5,8,4,17
Мэдээллийн технологи,Лодой.Одгэрэл,133,Галсан.Самбуу,5,9,5,19
Мультимедийн технологи,Нацаг.Гэрэлтуяа,134,Бат.Дэлгэрцэцэг,5,7,5,17
Мэдээллийн систем,Дамба.Энхтуяа,135,Балдан.Дэмчигдорж,5,8,5,18
Компьютерийн ухаан,Гэлэг.Батмөнх,136,Лодой.Хулан,4,6,3,13
Программ хангамж,Санжаа.Ариунаа,137,Жигмэд.Гэрэлмаа,4,8,4,16
Мэдээллийн технологи,Гэлэг.Орхон,138,Бат.Дэлгэрцэцэг,4,7,3,14
Мультимедийн технологи,Баатар.Нарандэлгэр,139,Галсан.Самбуу,5,7,4,16
Мэдээллийн систем,Шагдар.Нармандах,140,Дорж.Жаргалсайхан,3,4,3,10
Компьютерийн ухаан,Галсан.Хуягбаатар,141,Бат.Мөнхбаяр,5,8,4,17
Программ хангамж,Бат.Золо,142,Бат.Дэлгэрцэцэг,4,6,3,13
Мэдээллийн технологи,Буян.Ариунаа,143,Гомбо.Энхзул,3,4,3,10
Мультимедийн технологи,Лодой.Мөнхцэцэг,144,Галсан.Энхзул,4,5,3,12
Мэдээллийн систем,Санжаа.Мөнхтулга,145,Гомбо.Нармандах,5,8,4,17
Компьютерийн ухаан,Санжаа.Одгэрэл,146,Балдан.Энхбат,5,9,5,19
Программ хангамж,Гэлэг.Баяртөгс,147,Балдан.Ундрал,5,7,4,16
Мэдээллийн технологи,Жамц.Баясгалан,148,Сүрэн.Гэрэлтуяа,4,6,3,13
Мультимедийн технологи,Нямаа.Энхмандал,149,Нацаг.Отгонтөгс,4,6,4,14
Мэдээллийн систем,Ринчин.Орхон,150,Ринчин.Батзориг,6,9,5,20
Компьютерийн ухаан,Равжаа.Мөнхтулга,151,Лхам.Оюун,5,8,5,18
Программ хангамж,Нар.Цэрэн,152,Ринчин.Батзориг,5,8,4,17
Мэдээллийн технологи,Дорж.Наранцэцэг,153,Лодой.Хулан,4,7,4,15
Мультимедийн технологи,Чулуун.Цэнгэл,154,Содном.Батсайхан,3,5,3,11
Мэдээллийн систем,Бат.Алтансүх,155,Содном.Ганболд,4,6,3,13
Компьютерийн ухаан,Нар.Нандин,156,Бат.Мөнхбаяр,4,7,4,15
Программ хангамж,Бат.Гэрэл,157,Содном.Нарантуяа,5,7,5,17
Мэдээллийн технологи,Санжаа.Орхон,158,Намдаг.Гэндэнпэрэнлэй,5,7,4,16
Мультимедийн технологи,Энх.Эрдэнэбат,159,Намдаг.Гэндэнпэрэнлэй,4,5,2,11
Мэдээллийн систем,Энх.Мөнхтулга,160,Цэрэн.Лундэнгийн,6,9,5,20
Компьютерийн ухаан,Намдаг.Золо,161,Шагдар.Бадамсүрэн,5,8,4,17
Программ хангамж,Дорж.Дэлгэрцэцэг,162,Шагдар.Бадамсүрэн,5,7,4,16
Мэдээллийн технологи,Галсан.Дулмаа,163,Галсан.Энхзул,5,8,4,17
Мультимедийн технологи,Чулуун.Отгонтөгс,164,Бат.Мөнхбаяр,3,4,2,9
Мэдээллийн систем,Лодой.Гэндэнпэрэнлэй,165,Содном.Ганболд,3,5,2,10
Компьютерийн ухаан,Цэвэл.Баясгалан,166,Гомбо.Энхзул,4,6,3,13
Программ хангамж,Дүгэр.Хишигдэлэг,167,Гомбожав.Дэлгэрмаа,5,8,4,17
Мэдээллийн технологи,Жигмэд.Лувсанцэрэн,168,Нацаг.Отгонтөгс,5,7,4,16
Мультимедийн технологи,Мөнх.Цэнгэл,169,Бат.Мөнхбаяр,4,6,4,14
Мэдээллийн систем,Санжаа.Цэцэгмаа,170,Санжаа.Дэлгэрцэцэг,5,8,5,18
Компьютерийн ухаан,Дамба.Золзаяа,171,Баатар.Мөнхтулга,5,8,4,17
Программ хангамж,Санжаа.Бат-Эрдэнэ,172,Галсан.Самбуу,5,8,4,17
Мэдээллийн технологи,Бямба.Наранцэцэг,173,Бямба.Алтансүх,4,7,4,15
Мультимедийн технологи,Баатар.Гэрэлмаа,174,Галсан.Самбуу,5,7,5,17
Мэдээллийн систем,Дорж.Дулмаа,175,Энх.Мөнхтөр,3,7,3,13
Компьютерийн ухаан,Мөнх.Мөнхтулга,176,Балдан.Ундрал,5,7,4,16
Программ хангамж,Балдан.Мандхай,177,Шагдар.Бадамсүрэн,5,7,4,16
Мэдээллийн технологи,Норов.Наранцэцэг,178,Содном.Батсайхан,3,4,3,10
Мультимедийн технологи,Санжаа.Лундэнгийн,179,Лхам.Цэрэнпунцаг,6,8,4,18
Мэдээллийн систем,Жамц.Цэнд,180,Цэрэн.Лундэнгийн,4,6,3,13
Компьютерийн ухаан,Лхам.Баатарсүрэн,181,Галсан.Энхзул,5,8,5,18
Программ хангамж,Шагдар.Батсайхан,182,Цэрэн.Лхагвасүрэн,5,7,4,16
Мэдээллийн технологи,Жигмэд.Хурц,183,Бямба.Алтансүх,4,6,4,14
Мультимедийн технологи,Энх.Лувсанцэрэн,184,Жигмэд.Цэдэндамба,3,5,2,10
Мэдээллийн систем,Шагдар.Баяраа,185,Гомбо.Энхзул,4,6,4,14
Компьютерийн ухаан,Нацаг.Хурц,186,Намдаг.Гэндэнпэрэнлэй,4,5,3,12
Программ хангамж,Дамба.Мөнхтөр,187,Содном.Нарантуяа,4,6,4,14
Мэдээллийн технологи,Пүрэв.Нандинцэцэг,188,Содном.Ганболд,5,7,4,16
Мультимедийн технологи,Цэрэн.Цэнгэл,189,Нацаг.Отгонтөгс,3,4,3,10
Мэдээллийн систем,Нямаа.Тунгалаг,190,Нар.Баттөр,6,8,5,19
Компьютерийн ухаан,Галсан.Буянтогтох,191,Нацаг.Отгонтөгс,4,7,3,14
Программ хангамж,Баатар.Баттөр,192,Гомбо.Нармандах,4,6,3,13
Мэдээллийн технологи,Равжаа.Гунгаасүрэн,193,Энх.Амарсайхан,5,8,4,17
Мультимедийн технологи,Нацаг.Цэрэн,194,Энх.Мөнхтөр,5,7,4,16
Мэдээллийн систем,Гомбо.Ганбаяр,195,Гомбожав.Дэлгэрмаа,5,7,4,16
Компьютерийн ухаан,Лодой.Цэнд,196,Намдаг.Гэндэнпэрэнлэй,4,6,3,13
Программ хангамж,Баатар.Цэрэн,197,Балдан.Дэмчигдорж,5,8,4,17
Мэдээллийн технологи,Лхам.Солонго,198,Лхам.Цэрэнпунцаг,5,8,4,17
Мультимедийн технологи,Жамбал.Хурц,199,Бямба.Алтансүх,4,6,4,14
Мэдээллийн систем,Норов.Ариунболд,200,Мөнх.Нямдорж,5,8,4,17
Компьютерийн ухаан,Нямаа.Буянтогтох,201,Мөнх.Нямдорж,5,8,4,17
Программ хангамж,Гомбожав.Алтансүх,202,Балдан.Дэмчигдорж,5,8,4,17
Мэдээллийн технологи,Содном.Батхүү,203,Бат.Дэлгэрцэцэг,5,8,5,18
Мультимедийн технологи,Баатар.Дашдорж,204,Галсан.Энхзул,5,7,4,16
Мэдээллийн систем,Дамба.Туяа,205,Лхам.Оюун,6,9,4,19
Компьютерийн ухаан,Намдаг.Цэнд,206,Энх.Мөнхтөр,4,8,4,16
Программ хангамж,Лодой.Бат-Эрдэнэ,207,Гомбо.Нармандах,4,6,4,14
Мэдээллийн технологи,Нар.Дэлгэрбаяр,208,Гомбо.Энхзул,4,4,3,11
Мультимедийн технологи,Гэлэг.Хишигдэлэг,209,Энх.Мөнхтөр,4,7,4,15
Мэдээллийн систем,Санжаа.Нямгэрэл,210,Бат.Мөнхбаяр,2,4,2,8
Компьютерийн ухаан,Нацаг.Самбуу,211,Ринчин.Батзориг,4,7,3,14
Программ хангамж,Гомбожав.Тэмүүлэн,212,Бямба.Алтансүх,4,6,3,13
Мэдээллийн технологи,Норов.Баттөр,213,Жигмэд.Гэрэлмаа,5,8,4,17
Мультимедийн технологи,Шагдар.Мөнхжаргал,214,Лхам.Оюун,4,7,4,15
Мэдээллийн систем,Баатар.Дэлгэрцэцэг,215,Дорж.Жаргалсайхан,5,7,4,16
Компьютерийн ухаан,Жигмэд.Мэргэн,216,Содном.Нарантуяа,6,8,5,19
Программ хангамж,Нямаа.Пүрэвдорж,217,Шагдар.Бадамсүрэн,5,8,5,18
Мэдээллийн технологи,Жамбал.Одгэрэл,218,Дорж.Жаргалсайхан,5,7,4,16
Мультимедийн технологи,Нямаа.Дулмаа,219,Нацаг.Отгонтөгс,4,7,4,15
Мэдээллийн систем,Содном.Цэнгэл,220,Санжаа.Дэлгэрцэцэг,3,6,3,12
Компьютерийн ухаан,Дүгэр.Солонго,221,Галсан.Энхзул,4,7,4,15
Программ хангамж,Жамц.Оюунцэцэг,222,Балдан.Энхбат,5,8,4,17
Мэдээллийн технологи,Буян.Нармандах,223,Лхам.Оюун,6,9,5,20
Мультимедийн технологи,Лодой.Тамир,224,Энх.Мөнхтөр,5,7,4,16
Мэдээллийн систем,Жамбал.Дулмаа,225,Содном.Батсайхан,4,6,3,13
Компьютерийн ухаан,Цэрэн.Равдан,226,Дорж.Орхон,3,4,3,10
Программ хангамж,Бат.Батчимэг,227,Ринчин.Батзориг,5,8,4,17
Мэдээллийн технологи,Гомбо.Нандинцэцэг,228,Лодой.Хулан,3,4,2,9
Мультимедийн технологи,Лхам.Гэндэнпэрэнлэй,229,Содном.Батсайхан,5,7,4,16
Мэдээллийн систем,Ринчин.Хишигдэлэг,230,Сүрэн.Гэрэлтуяа,4,7,4,15
Компьютерийн ухаан,Балдан.Батчимэг,231,Энх.Мөнхтөр,5,7,4,16
Программ хангамж,Пүрэв.Отгонтөгс,232,Нар.Баттөр,4,6,4,14
Мэдээллийн технологи,Ринчин.Нармандах,233,Намдаг.Баттөр,6,9,4,19
Мультимедийн технологи,Норов.Баяртөгс,234,Мөнх.Нямдорж,6,9,5,20
Мэдээллийн систем,Бямба.Цэрэнпунцаг,235,Жигмэд.Гэрэлмаа,4,5,3,12
Компьютерийн ухаан,Баатар.Чойжилсүрэн,236,Энх.Амарсайхан,4,6,3,13
Программ хангамж,Санжаа.Дагиймаа,237,Бат.Мөнхбаяр,5,8,4,17
Мэдээллийн технологи,Дүгэр.Гантулга,238,Лодой.Хулан,5,6,4,15
Мультимедийн технологи,Дорж.Нандинцэцэг,239,Балдан.Энхбат,6,8,4,18
Мэдээллийн систем,Жамбал.Туяа,240,Галсан.Самбуу,5,8,4,17
Компьютерийн ухаан,Лодой.Батсайхан,241,Галсан.Энхзул,5,7,4,16
Программ хангамж,Цэвэл.Мэргэн,242,Энх.Мөнхтөр,5,7,4,16
Мэдээллийн технологи,Лодой.Энхмандал,243,Намдаг.Баттөр,6,8,4,18
Мультимедийн технологи,Цэрэн.Нандин,244,Гомбо.Энхзул,4,7,3,14
Мэдээллийн систем,Энх.Зундуй,245,Бямба.Алтансүх,4,6,3,13
Компьютерийн ухаан,Нацаг.Ариунаа,246,Цэрэн.Лундэнгийн,6,9,5,20
Программ хангамж,Ган.Гэрэл,247,Нацаг.Отгонтөгс,4,6,3,13
Мэдээллийн технологи,Шагдар.Амарсайхан,248,Баатар.Мөнхтулга,5,8,4,17
Мультимедийн технологи,Гэлэг.Одгэрэл,249,Бат.Дэлгэрцэцэг,4,6,3,13
Мэдээллийн систем,Санжаа.Намсрай,250,Ринчин.Батзориг,6,8,4,18
Компьютерийн ухаан,Баатар.Бурмаа,251,Балдан.Энхбат,4,8,3,15
Программ хангамж,Лхам.Лундэнгийн,252,Нацаг.Отгонтөгс,3,6,3,12
Мэдээллийн технологи,Дүгэр.Баясгалан,253,Лхам.Цэрэнпунцаг,6,9,5,20
Мультимедийн технологи,Бат.Болд,254,Лхам.Цэрэнпунцаг,5,8,5,18
Мэдээллийн систем,Ринчин.Гэрэл,255,Энх.Амарсайхан,6,7,5,18
Компьютерийн ухаан,Норов.Намсрай,256,Энх.Мөнхтөр,5,9,5,19
Программ хангамж,Пүрэв.Гэрэлмаа,257,Галсан.Энхзул,5,8,5,18
Мэдээллийн технологи,Жигмэд.Баярсайхан,258,Лхам.Оюун,6,7,4,17
Мультимедийн технологи,Галсан.Ундрал,259,Бат.Мөнхбаяр,4,7,4,15
Мэдээллийн систем,Чулуун.Лувсанцэрэн,260,Энх.Мөнхтөр,5,9,5,19
Компьютерийн ухаан,Жамбал.Тунгалаг,261,Галсан.Энхзул,5,7,4,16
Программ хангамж,Гэлэг.Туяа,262,Мөнх.Нямдорж,3,5,3,11
Мэдээллийн технологи,Гэлэг.Тунгалаг,263,Ринчин.Батзориг,6,8,4,18
Мультимедийн технологи,Нямаа.Равдан,264,Энх.Мөнхтөр,5,7,4,16
Мэдээллийн систем,Жамц.Золзаяа,265,Лхам.Цэрэнпунцаг,6,8,4,18
Компьютерийн ухаан,Шагдар.Ариунболд,266,Гомбо.Энхзул,4,7,4,15
Программ хангамж,Пүрэв.Сарантуяа,267,Содном.Ганболд,5,7,4,16
Мэдээллийн технологи,Гомбо.Дамдинсүрэн,268,Дорж.Орхон,4,7,3,14
Мультимедийн технологи,Нацаг.Бат-Эрдэнэ,269,Бямба.Алтансүх,4,6,3,13
Мэдээллийн систем,Ринчин.Хурц,270,Содном.Батсайхан,5,7,4,16
Компьютерийн ухаан,Ринчин.Золо,271,Гомбо.Энхзул,3,5,3,11
Программ хангамж,Гэлэг.Баяраа,272,Жигмэд.Цэдэндамба,4,6,4,14
Мэдээллийн технологи,Содном.Энхзул,273,Бат.Мөнхбаяр,5,8,4,17
Мультимедийн технологи,Жамц.Хишигдэлэг,274,Галсан.Энхзул,5,7,4,16
Мэдээллийн систем,Нар.Оюунцэцэг,275,Мөнх.Нямдорж,6,9,5,20
Компьютерийн ухаан,Балдан.Халиун,276,Содном.Нарантуяа,6,8,4,18
Программ хангамж,Нацаг.Оюун,277,Дорж.Орхон,2,4,2,8
Мэдээллийн технологи,Дорж.Энхтуяа,278,Балдан.Энхбат,5,8,4,17
Мультимедийн технологи,Жигмэд.Бурмаа,279,Гомбожав.Дэлгэрмаа,5,7,4,16
Мэдээллийн систем,Цэрэн.Нандинцэцэг,280,Содном.Батсайхан,6,9,5,20
Компьютерийн ухаан,Чулуун.Самбуу,281,Галсан.Энхзул,4,8,4,16
Программ хангамж,Цэрэн.Оюунцэцэг,282,Лхам.Оюун,5,7,5,17
Мэдээллийн технологи,Цэрэн.Батсайхан,283,Намдаг.Гэндэнпэрэнлэй,3,5,2,10
Мультимедийн технологи,Сүрэн.Туяа,284,Бямба.Алтансүх,4,7,4,15
Мэдээллийн систем,Нацаг.Алтансүх,285,Лхам.Цэрэнпунцаг,6,8,5,19
Компьютерийн ухаан,Дорж.Баяртөгс,286,Шагдар.Бадамсүрэн,5,7,4,16
Программ хангамж,Нямаа.Болд,287,Балдан.Ундрал,5,7,4,16
Мэдээллийн технологи,Сүрэн.Ариунболд,288,Дорж.Жаргалсайхан,4,6,4,14
Мультимедийн технологи,Жамбал.Буянтогтох,289,Содном.Ганболд,4,7,3,14
Мэдээллийн систем,Гомбо.Мөнхцэцэг,290,Балдан.Ундрал,4,7,4,15
Компьютерийн ухаан,Жамц.Баттөр,291,Жигмэд.Цэдэндамба,4,6,3,13
Программ хангамж,Жамбал.Батсайхан,292,Лодой.Хулан,3,4,2,9
Мэдээллийн технологи,Жигмэд.Дэлгэрцэцэг,293,Лхам.Оюун,6,9,5,20
Мультимедийн технологи,Буян.Лундэнгийн,294,Намдаг.Баттөр,6,9,5,20
Мэдээллийн систем,Санжаа.Хулан,295,Лодой.Хулан,5,8,4,17
Компьютерийн ухаан,Лхам.Нандинцэцэг,296,Лодой.Хулан,4,6,4,14
Программ хангамж,Содном.Хурц,297,Гомбо.Энхзул,2,4,2,8
Мэдээллийн технологи,Нацаг.Орхон,298,Содном.Ганболд,4,7,3,14
Мультимедийн технологи,Нацаг.Мандхай,299,Бат.Дэлгэрцэцэг,6,9,5,20
Мэдээллийн систем,Лхам.Нямгэрэл,300,Галсан.Самбуу,5,7,5,17
Компьютерийн ухаан,Жамбал.Батчимэг,301,Баатар.Мөнхтулга,5,8,4,17
Программ хангамж,Нямаа.Ганболд,302,Энх.Мөнхтөр,4,7,4,15
Мэдээллийн технологи,Содном.Отгонбаяр,303,Лхам.Оюун,5,9,5,19
Мультимедийн технологи,Ган.Бат-Эрдэнэ,304,Санжаа.Дэлгэрцэцэг,4,6,4,14
Мэдээллийн систем,Цэрэн.Ганбаяр,305,Жигмэд.Гэрэлмаа,5,7,4,16
Компьютерийн ухаан,Энх.Оюун,306,Энх.Амарсайхан,5,8,4,17
Программ хангамж,Намдаг.Цэцэгдэлгэр,307,Содном.Нарантуяа,6,9,5,20
Мэдээллийн технологи,Пүрэв.Намсрай,308,Бямба.Алтансүх,5,7,3,15
Мультимедийн технологи,Бат.Дэлгэрмаа,309,Цэрэн.Лхагвасүрэн,5,7,4,16
Мэдээллийн систем,Содном.Мөнхзул,310,Ринчин.Батзориг,4,6,3,13
Компьютерийн ухаан,Сүрэн.Баясгалан,311,Бат.Мөнхбаяр,4,6,4,14
Программ хангамж,Жамц.Гэрэл,312,Шагдар.Бадамсүрэн,5,7,4,16
Мэдээллийн технологи,Гомбожав.Оюунбилэг,313,Галсан.Энхзул,4,6,3,13
Мультимедийн технологи,Цэрэн.Гантулга,314,Намдаг.Баттөр,5,8,5,18
Мэдээллийн систем,Жигмэд.Хишигдэлэг,315,Дорж.Жаргалсайхан,5,6,4,15
Компьютерийн ухаан,Жамц.Солонго,316,Гомбо.Нармандах,5,8,3,16
Программ хангамж,Гомбожав.Чойжилсүрэн,317,Баатар.Мөнхтулга,5,7,4,16
Мэдээллийн технологи,Содном.Оюунбилэг,318,Нар.Баттөр,5,8,5,18
Мультимедийн технологи,Баатар.Оюунбилэг,319,Лхам.Цэрэнпунцаг,6,9,5,20
Мэдээллийн систем,Равжаа.Лхагвасүрэн,320,Цэрэн.Лундэнгийн,6,8,4,18
Компьютерийн ухаан,Балдан.Дэлгэрмаа,321,Энх.Амарсайхан,5,7,5,17
Программ хангамж,Пүрэв.Туяа,322,Шагдар.Бадамсүрэн,5,7,4,16
Мэдээллийн технологи,Цэрэн.Ганцэцэг,323,Бат.Мөнхбаяр,4,6,3,13
Мультимедийн технологи,Дамба.Нарандэлгэр,324,Шагдар.Бадамсүрэн,4,5,3,12
Мэдээллийн систем,Равжаа.Эрдэнэбат,325,Намдаг.Гэндэнпэрэнлэй,5,8,4,17
Компьютерийн ухаан,Лодой.Батмөнх,326,Цэрэн.Лундэнгийн,5,8,5,18
Программ хангамж,Ган.Гантулга,327,Содном.Нарантуяа,4,6,4,14
Мэдээллийн технологи,Жамц.Оюунбилэг,328,Мөнх.Нямдорж,6,8,4,18
Мультимедийн технологи,Равжаа.Баяртөгс,329,Лхам.Цэрэнпунцаг,4,8,5,17
Мэдээллийн систем,Мөнх.Мэргэн,330,Жигмэд.Гэрэлмаа,6,9,5,20
Компьютерийн ухаан,Гомбо.Жаргалсайхан,331,Гомбо.Энхзул,4,6,3,13
Программ хангамж,Дорж.Пүрэвдорж,332,Галсан.Самбуу,5,9,5,19
Мэдээллийн технологи,Чулуун.Мандхай,333,Намдаг.Гэндэнпэрэнлэй,4,8,4,16
Мультимедийн технологи,Гомбожав.Баясгалан,334,Гомбо.Нармандах,4,7,3,14
Мэдээллийн систем,Нар.Болд,335,Шагдар.Бадамсүрэн,5,7,4,16
Компьютерийн ухаан,Намдаг.Зоригоо,336,Намдаг.Баттөр,5,7,5,17
Программ хангамж,Чулуун.Зундуй,337,Лхам.Оюун,5,8,5,18
Мэдээллийн технологи,Бямба.Эрдэнэбат,338,Галсан.Самбуу,6,8,4,18
Мультимедийн технологи,Бат.Оюунцэцэг,339,Галсан.Самбуу,5,6,4,15
Мэдээллийн систем,Норов.Дэлгэрмаа,340,Жигмэд.Гэрэлмаа,5,7,4,16
Компьютерийн ухаан,Гомбо.Батчимэг,341,Содном.Батсайхан,5,7,3,15
Программ хангамж,Балдан.Одгэрэл,342,Санжаа.Дэлгэрцэцэг,6,8,4,18
Мэдээллийн технологи,Жигмэд.Эрдэнэбат,343,Энх.Амарсайхан,5,8,5,18
Мультимедийн технологи,Бямба.Энхтөр,344,Санжаа.Дэлгэрцэцэг,5,8,5,18
Мэдээллийн систем,Галсан.Ганбаяр,345,Лхам.Оюун,4,6,4,14
Компьютерийн ухаан,Равжаа.Зундуй,346,Дорж.Жаргалсайхан,5,7,4,16
Программ хангамж,Цэвэл.Цэнгэл,347,Содном.Ганболд,5,7,4,16
Мэдээллийн технологи,Балдан.Цэцэгдэлгэр,348,Мөнх.Нямдорж,3,5,3,11
Мультимедийн технологи,Шагдар.Батхүү,349,Гомбожав.Дэлгэрмаа,4,7,4,15
Мэдээллийн систем,Ган.Оюун,350,Бат.Дэлгэрцэцэг,5,8,4,17
Компьютерийн ухаан,Дамба.Хишигдэлэг,351,Сүрэн.Гэрэлтуяа,5,7,4,16
Программ хангамж,Жамбал.Гэрэл,352,Гомбо.Энхзул,4,5,2,11
Мэдээллийн технологи,Санжаа.Хурц,353,Галсан.Энхзул,5,7,4,16
Мультимедийн технологи,Шагдар.Нарантуяа,354,Энх.Мөнхтөр,5,7,4,16
Мэдээллийн систем,Галсан.Цэнд,355,Лхам.Цэрэнпунцаг,6,9,5,20
Компьютерийн ухаан,Норов.Бат-Эрдэнэ,356,Намдаг.Баттөр,5,8,4,17
Программ хангамж,Жамбал.Бадамсүрэн,357,Санжаа.Дэлгэрцэцэг,5,7,4,16
Мэдээллийн технологи,Жамбал.Самбуу,358,Гомбо.Нармандах,4,7,3,14
Мультимедийн технологи,Санжаа.Хишигдэлэг,359,Гомбо.Энхзул,5,7,4,16
Мэдээллийн систем,Ринчин.Намсрай,360,Мөнх.Нямдорж,5,7,4,16
Компьютерийн ухаан,Сүрэн.Хуягбаатар,361,Бат.Дэлгэрцэцэг,6,9,5,20
Программ хангамж,Санжаа.Золзаяа,362,Жигмэд.Гэрэлмаа,5,7,3,15
Мэдээллийн технологи,Дорж.Гэрэлмаа,363,Энх.Мөнхтөр,4,7,4,15
Мультимедийн технологи,Дорж.Алтансүх,364,Лодой.Хулан,5,6,3,14
Мэдээллийн систем,Дамба.Цэцэгмаа,365,Лодой.Хулан,4,6,3,13
Компьютерийн ухаан,Сүрэн.Нандин,366,Ринчин.Батзориг,4,7,4,15
Программ хангамж,Цэвэл.Ганбаяр,367,Лхам.Цэрэнпунцаг,5,6,4,15
Мэдээллийн технологи,Дүгэр.Номин,368,Балдан.Энхбат,5,9,4,18
Мультимедийн технологи,Гэлэг.Ариунаа,369,Балдан.Энхбат,5,7,4,16
Мэдээллийн систем,Жамбал.Халиун,370,Жигмэд.Гэрэлмаа,3,6,3,12
Компьютерийн ухаан,Цэрэн.Наранцэцэг,371,Ринчин.Батзориг,5,8,4,17
Программ хангамж,Жамц.Цэцэгмаа,372,Лхам.Оюун,5,9,5,19
Мэдээллийн технологи,Чулуун.Солонго,373,Балдан.Ундрал,5,7,4,16
Мультимедийн технологи,Дүгэр.Мөнхцэцэг,374,Нар.Баттөр,5,9,4,18
Мэдээллийн систем,Сүрэн.Нарантуяа,375,Содном.Нарантуяа,6,9,5,20
Компьютерийн ухаан,Намдаг.Энхбат,376,Дорж.Орхон,4,6,4,14
Программ хангамж,Санжаа.Тунгалаг,377,Баатар.Мөнхтулга,5,8,4,17
Мэдээллийн технологи,Дамба.Отгонтөгс,378,Санжаа.Дэлгэрцэцэг,6,8,5,19
Мультимедийн технологи,Дорж.Санжаасүрэн,379,Ринчин.Батзориг,6,9,5,20
Мэдээллийн систем,Бямба.Пүрэвдорж,380,Содном.Нарантуяа,4,7,4,15
Компьютерийн ухаан,Содном.Дэлгэрмаа,381,Лхам.Цэрэнпунцаг,5,9,5,19
Программ хангамж,Гэлэг.Нандинцэцэг,382,Балдан.Ундрал,5,7,4,16
Мэдээллийн технологи,Цэвэл.Буянтогтох,383,Цэрэн.Лундэнгийн,5,9,5,19
Мультимедийн технологи,Санжаа.Ганцэцэг,384,Намдаг.Гэндэнпэрэнлэй,3,4,2,9
Мэдээллийн систем,Бямба.Дэлгэрмаа,385,Галсан.Самбуу,5,8,5,18
Компьютерийн ухаан,Бямба.Дэлгэрбаяр,386,Галсан.Самбуу,5,7,5,17
Программ хангамж,Содном.Оюунцэцэг,387,Дорж.Орхон,3,4,3,10
Мэдээллийн технологи,Жигмэд.Нандин,388,Нар.Баттөр,5,7,4,16
Мультимедийн технологи,Ринчин.Нарандэлгэр,389,Шагдар.Бадамсүрэн,6,8,5,19
Мэдээллийн систем,Цэвэл.Отгонтөгс,390,Дорж.Жаргалсайхан,4,6,4,14
Компьютерийн ухаан,Буян.Одгэрэл,391,Содном.Нарантуяа,6,8,5,19
Программ хангамж,Балдан.Гэрэлтуяа,392,Намдаг.Гэндэнпэрэнлэй,5,7,4,16
Мэдээллийн технологи,Нар.Цогтбаатар,393,Жигмэд.Цэдэндамба,5,8,4,17
Мультимедийн технологи,Мөнх.Гэрэлтуяа,394,Гомбо.Энхзул,5,7,4,16
Мэдээллийн систем,Жамц.Мандхай,395,Балдан.Энхбат,6,9,5,20
Компьютерийн ухаан,Галсан.Лхагвасүрэн,396,Содном.Нарантуяа,5,8,4,17
Программ хангамж,Шагдар.Бат-Эрдэнэ,397,Санжаа.Дэлгэрцэцэг,5,7,4,16
Мэдээллийн технологи,Галсан.Гэндэнпэрэнлэй,398,Нар.Баттөр,4,6,4,14
Мультимедийн технологи,Гомбожав.Одонтуяа,399,Жигмэд.Гэрэлмаа,5,6,4,15
Мэдээллийн систем,Балдан.Орхон,400,Ринчин.Батзориг,5,8,4,17
Компьютерийн ухаан,Энх.Бадамсүрэн,401,Жигмэд.Гэрэлмаа,4,6,4,14
Программ хангамж,Цэрэн.Ганзориг,402,Лхам.Цэрэнпунцаг,6,9,5,20
Мэдээллийн технологи,Норов.Лувсанцэрэн,403,Бямба.Алтансүх,4,4,3,11
Мультимедийн технологи,Содном.Бадамсүрэн,404,Мөнх.Нямдорж,4,7,4,15
Мэдээллийн систем,Равжаа.Хишигдэлэг,405,Цэрэн.Лхагвасүрэн,6,9,5,20
Компьютерийн ухаан,Мөнх.Батчимэг,406,Нацаг.Отгонтөгс,3,5,3,11
Программ хангамж,Дамба.Нарантуяа,407,Бат.Дэлгэрцэцэг,6,9,5,20
Мэдээллийн технологи,Пүрэв.Ариунаа,408,Гомбожав.Дэлгэрмаа,5,7,4,16
Мультимедийн технологи,Бат.Цэнд,409,Гомбожав.Дэлгэрмаа,5,7,4,16
Мэдээллийн систем,Баатар.Равдан,410,Балдан.Дэмчигдорж,6,8,5,19
Компьютерийн ухаан,Гомбо.Гэрэлмаа,411,Содном.Нарантуяа,4,7,3,14
Программ хангамж,Лодой.Ариунаа,412,Содном.Батсайхан,5,7,4,16
Мэдээллийн технологи,Лхам.Мандхай,413,Гомбо.Энхзул,3,5,3,11
Мультимедийн технологи,Сүрэн.Дэлгэрмаа,414,Гомбожав.Дэлгэрмаа,5,7,4,16
Мэдээллийн систем,Нар.Алтансүх,415,Галсан.Энхзул,5,7,4,16
Компьютерийн ухаан,Шагдар.Равдан,416,Гомбожав.Дэлгэрмаа,6,8,5,19
Программ хангамж,Энх.Батчулуун,417,Дорж.Жаргалсайхан,3,4,3,10
Мэдээллийн технологи,Галсан.Ариунаа,418,Галсан.Энхзул,4,5,3,12
Мультимедийн технологи,Балдан.Батзориг,419,Содном.Нарантуяа,5,7,4,16
Мэдээллийн систем,Сүрэн.Наранцэцэг,420,Балдан.Энхбат,6,7,5,18
Компьютерийн ухаан,Дүгэр.Оюун,421,Санжаа.Дэлгэрцэцэг,5,7,4,16
Программ хангамж,Ган.Ганзориг,422,Галсан.Энхзул,5,8,4,17
Мэдээллийн технологи,Лодой.Орхон,423,Дорж.Жаргалсайхан,5,7,4,16
Мультимедийн технологи,Галсан.Тунгалаг,424,Содном.Нарантуяа,4,6,3,13
Мэдээллийн систем,Цэрэн.Доржготов,425,Нацаг.Отгонтөгс,3,5,3,11
Компьютерийн ухаан,Гомбожав.Нарантуяа,426,Намдаг.Гэндэнпэрэнлэй,4,6,4,14
Программ хангамж,Санжаа.Цэнгэл,427,Мөнх.Нямдорж,5,7,4,16
Мэдээллийн технологи,Лхам.Оюунбилэг,428,Сүрэн.Гэрэлтуяа,6,8,4,18
Мультимедийн технологи,Ринчин.Гунгаасүрэн,429,Ринчин.Батзориг,4,7,3,14
Мэдээллийн систем,Жамц.Пүрэвдорж,430,Лхам.Цэрэнпунцаг,5,8,4,17
Компьютерийн ухаан,Санжаа.Хуягбаатар,431,Энх.Амарсайхан,6,9,5,20
Программ хангамж,Бямба.Гунгаасүрэн,432,Бямба.Алтансүх,4,6,3,13
Мэдээллийн технологи,Сүрэн.Энхмандал,433,Гомбо.Энхзул,5,6,4,15
Мультимедийн технологи,Ринчин.Цэрэнпунцаг,434,Шагдар.Бадамсүрэн,5,7,4,16
Мэдээллийн систем,Ринчин.Цэцэгмаа,435,Мөнх.Нямдорж,4,5,3,12
Компьютерийн ухаан,Энх.Гэрэлтуяа,436,Санжаа.Дэлгэрцэцэг,6,9,5,20
Программ хангамж,Пүрэв.Мөнхзул,437,Содном.Нарантуяа,5,7,3,15
Мэдээллийн технологи,Цэвэл.Баттөр,438,Баатар.Мөнхтулга,4,7,4,15
Мультимедийн технологи,Чулуун.Гэрэлтуяа,439,Жигмэд.Гэрэлмаа,6,8,5,19
Мэдээллийн систем,Нацаг.Батчулуун,440,Лодой.Хулан,5,6,3,14
Компьютерийн ухаан,Пүрэв.Батзориг,441,Галсан.Энхзул,4,8,4,16
Программ хангамж,Балдан.Цэрэнпунцаг,442,Галсан.Самбуу,4,7,3,14
Мэдээллийн технологи,Ринчин.Нандин,443,Дорж.Орхон,3,5,3,11
Мультимедийн технологи,Балдан.Нарантуяа,444,Балдан.Дэмчигдорж,5,6,4,15
Мэдээллийн систем,Гэлэг.Мандхай,445,Гомбо.Энхзул,4,6,3,13
Компьютерийн ухаан,Цэрэн.Батчимэг,446,Гомбо.Нармандах,2,5,3,10
Программ хангамж,Мөнх.Энхзул,447,Цэрэн.Лхагвасүрэн,5,7,4,16
Мэдээллийн технологи,Мөнх.Нарандэлгэр,448,Галсан.Самбуу,5,9,4,18
Мультимедийн технологи,Гомбо.Энхбат,449,Шагдар.Бадамсүрэн,5,7,4,16
Мэдээллийн систем,Дүгэр.Дэлгэрбаяр,450,Нацаг.Отгонтөгс,5,7,4,16
Компьютерийн ухаан,Жамц.Дэлгэрбаяр,451,Гомбо.Нармандах,3,5,2,10
Программ хангамж,Гэлэг.Оюунцэцэг,452,Намдаг.Гэндэнпэрэнлэй,4,7,3,14
Мэдээллийн технологи,Дүгэр.Ариунаа,453,Галсан.Самбуу,4,6,4,14
Мультимедийн технологи,Гомбожав.Ганболд,454,Содном.Нарантуяа,5,7,5,17
Мэдээллийн систем,Гомбо.Отгонбаяр,455,Санжаа.Дэлгэрцэцэг,4,7,4,15
Компьютерийн ухаан,Жамбал.Энхтуяа,456,Цэрэн.Лундэнгийн,4,6,3,13
Программ хангамж,Санжаа.Нандинцэцэг,457,Содном.Нарантуяа,6,9,5,20
Мэдээллийн технологи,Лхам.Буянтогтох,458,Балдан.Энхбат,5,8,5,18
Мультимедийн технологи,Содном.Болд,459,Шагдар.Бадамсүрэн,4,6,3,13
Мэдээллийн систем,Санжаа.Номин,460,Жигмэд.Гэрэлмаа,5,6,4,15
Компьютерийн ухаан,Гомбожав.Цэрэн,461,Галсан.Самбуу,4,6,4,14
Программ хангамж,Гомбожав.Батсайхан,462,Жигмэд.Цэдэндамба,4,7,3,14
Мэдээллийн технологи,Намдаг.Батхүү,463,Баатар.Мөнхтулга,5,7,4,16
Мультимедийн технологи,Бат.Нямгэрэл,464,Лхам.Цэрэнпунцаг,6,9,4,19
Мэдээллийн систем,Намдаг.Гэрэлтуяа,465,Намдаг.Баттөр,6,8,5,19
Компьютерийн ухаан,Сүрэн.Оюунбилэг,466,Содном.Нарантуяа,5,8,4,17
Программ хангамж,Нар.Лувсандорж,467,Галсан.Самбуу,6,9,5,20
Мэдээллийн технологи,Балдан.Нандинцэцэг,468,Лхам.Цэрэнпунцаг,6,8,5,19
Мультимедийн технологи,Бат.Ундрал,469,Санжаа.Дэлгэрцэцэг,6,9,5,20
Мэдээллийн систем,Гомбожав.Санжаасүрэн,470,Дорж.Жаргалсайхан,5,7,4,16
Компьютерийн ухаан,Ринчин.Бат-Эрдэнэ,471,Энх.Амарсайхан,5,8,4,17
Программ хангамж,Ринчин.Ганбаяр,472,Нацаг.Отгонтөгс,4,6,3,13
Мэдээллийн технологи,Дүгэр.Одонтуяа,473,Дорж.Жаргалсайхан,5,7,3,15
Мультимедийн технологи,Нацаг.Бадамсүрэн,474,Сүрэн.Гэрэлтуяа,4,6,4,14
Мэдээллийн систем,Жамбал.Цогтбаатар,475,Сүрэн.Гэрэлтуяа,5,7,4,16
Компьютерийн ухаан,Содном.Мөнхтулга,476,Лхам.Цэрэнпунцаг,5,8,5,18
Программ хангамж,Бямба.Буянтогтох,477,Гомбо.Нармандах,4,6,3,13
Мэдээллийн технологи,Цэрэн.Ариунаа,478,Дорж.Жаргалсайхан,3,6,3,12
Мультимедийн технологи,Норов.Амарсайхан,479,Лхам.Оюун,6,8,5,19
Мэдээллийн систем,Намдаг.Нандин,480,Санжаа.Дэлгэрцэцэг,5,7,4,16
Компьютерийн ухаан,Намдаг.Мандхай,481,Содном.Нарантуяа,5,8,5,18
Программ хангамж,Гомбожав.Нандин,482,Балдан.Энхбат,5,8,5,18
Мэдээллийн технологи,Пүрэв.Амарсайхан,483,Намдаг.Гэндэнпэрэнлэй,5,8,4,17
Мультимедийн технологи,Пүрэв.Баатарсүрэн,484,Намдаг.Баттөр,5,8,4,17
Мэдээллийн систем,Нар.Мөнхжаргал,485,Энх.Амарсайхан,6,9,5,20
Компьютерийн ухаан,Гомбо.Цэцэгдэлгэр,486,Ринчин.Батзориг,5,8,5,18
Программ хангамж,Балдан.Отгонбаяр,487,Шагдар.Бадамсүрэн,4,7,4,15
Мэдээллийн технологи,Содном.Одгэрэл,488,Санжаа.Дэлгэрцэцэг,6,9,5,20
Мультимедийн технологи,Жамц.Цэрэнпунцаг,489,Мөнх.Нямдорж,5,9,5,19
Мэдээллийн систем,Нар.Бат-Эрдэнэ,490,Намдаг.Гэндэнпэрэнлэй,5,8,4,17
Компьютерийн ухаан,Бат.Батхүү,491,Балдан.Энхбат,5,8,5,18
Программ хангамж,Дорж.Оюунцэцэг,492,Намдаг.Баттөр,6,8,5,19
Мэдээллийн технологи,Бат.Дэмчигдорж,493,Бат.Мөнхбаяр,5,7,4,16
Мультимедийн технологи,Жигмэд.Гунгаасүрэн,494,Лхам.Цэрэнпунцаг,5,8,4,17
Мэдээллийн систем,Норов.Мөнхбаяр,495,Гомбо.Нармандах,4,6,4,14
Компьютерийн ухаан,Жамц.Батчулуун,496,Дорж.Орхон,4,6,4,14
Программ хангамж,Нацаг.Гунгаасүрэн,497,Сүрэн.Гэрэлтуяа,5,9,5,19
Мэдээллийн технологи,Гэлэг.Ганболд,498,Бат.Мөнхбаяр,3,5,3,11
Мультимедийн технологи,Дорж.Баяраа,499,Гомбо.Энхзул,5,8,4,17
Мэдээллийн систем,Гэлэг.Ганцэцэг,500,Галсан.Энхзул,5,7,4,16
Компьютерийн ухаан,Содном.Тунгалаг,501,Дорж.Жаргалсайхан,5,7,4,16
Программ хангамж,Ринчин.Зоригоо,502,Гомбожав.Дэлгэрмаа,5,8,4,17
Мэдээллийн технологи,Дүгэр.Цэнгэл,503,Энх.Мөнхтөр,5,7,4,16
Мультимедийн технологи,Чулуун.Лхагвасүрэн,504,Балдан.Энхбат,5,8,4,17
Мэдээллийн систем,Цэрэн.Баттөр,505,Намдаг.Гэндэнпэрэнлэй,5,6,4,15
Компьютерийн ухаан,Шагдар.Батчулуун,506,Жигмэд.Цэдэндамба,4,6,4,14
Программ хангамж,Ринчин.Энхтуяа,507,Галсан.Самбуу,6,8,5,19
Мэдээллийн технологи,Бямба.Нарандэлгэр,508,Намдаг.Гэндэнпэрэнлэй,3,4,2,9
Мультимедийн технологи,Ган.Тэмүүлэн,509,Содном.Ганболд,4,6,3,13
Мэдээллийн систем,Галсан.Одгэрэл,510,Бат.Дэлгэрцэцэг,5,8,4,17
Компьютерийн ухаан,Жамц.Самбуу,511,Цэрэн.Лхагвасүрэн,5,8,5,18
Программ хангамж,Балдан.Мөнхжаргал,512,Бямба.Алтансүх,3,4,3,10
Мэдээллийн технологи,Намдаг.Хуягбаатар,513,Лхам.Оюун,5,8,5,18
Мультимедийн технологи,Лодой.Цэнгэл,514,Намдаг.Баттөр,6,9,5,20
Мэдээллийн систем,Гомбожав.Нарандэлгэр,515,Гомбо.Энхзул,4,6,4,14
Компьютерийн ухаан,Дамба.Халиун,516,Дорж.Жаргалсайхан,4,6,4,14
Программ хангамж,Лодой.Ганбаяр,517,Энх.Амарсайхан,6,8,4,18
Мэдээллийн технологи,Балдан.Дэлгэрцэцэг,518,Бат.Дэлгэрцэцэг,5,5,4,14
Мультимедийн технологи,Балдан.Мэргэн,519,Ринчин.Батзориг,5,9,4,18
Мэдээллийн систем,Мөнх.Бямбасүрэн,520,Дорж.Жаргалсайхан,4,6,3,13
Компьютерийн ухаан,Цэрэн.Энхтөр,521,Энх.Мөнхтөр,5,8,4,17
Программ хангамж,Жамбал.Мөнхтулга,522,Ринчин.Батзориг,6,9,5,20
Мэдээллийн технологи,Ган.Дэлгэрмаа,523,Лхам.Цэрэнпунцаг,6,8,4,18
Мультимедийн технологи,Ринчин.Болд,524,Лхам.Оюун,5,9,5,19
Мэдээллийн систем,Намдаг.Оюун,525,Балдан.Энхбат,6,9,5,20
Компьютерийн ухаан,Пүрэв.Буянтогтох,526,Цэрэн.Лхагвасүрэн,3,5,3,11
Программ хангамж,Дамба.Баттөр,527,Санжаа.Дэлгэрцэцэг,5,7,4,16
Мэдээллийн технологи,Нацаг.Нарандэлгэр,528,Лхам.Оюун,6,9,4,19
Мультимедийн технологи,Намдаг.Баяраа,529,Бат.Мөнхбаяр,4,6,4,14
Мэдээллийн систем,Дүгэр.Хулан,530,Дорж.Жаргалсайхан,4,7,3,14
Компьютерийн ухаан,Гомбожав.Доржготов,531,Жигмэд.Гэрэлмаа,5,7,4,16
Программ хангамж,Балдан.Тэмүүлэн,532,Дорж.Жаргалсайхан,4,7,4,15
Мэдээллийн технологи,Намдаг.Гэрэлмаа,533,Намдаг.Гэндэнпэрэнлэй,3,5,3,11
Мультимедийн технологи,Гэлэг.Нарандэлгэр,534,Гомбо.Энхзул,4,6,4,14
Мэдээллийн систем,Цэвэл.Мөнхбаяр,535,Ринчин.Батзориг,6,7,4,17
Компьютерийн ухаан,Бат.Цэцэгдэлгэр,536,Намдаг.Баттөр,5,8,5,18
Программ хангамж,Гомбо.Мөнхбаяр,537,Энх.Мөнхтөр,5,7,4,16
Мэдээллийн технологи,Пүрэв.Болд,538,Содном.Батсайхан,5,7,4,16
Мультимедийн технологи,Гомбожав.Тунгалаг,539,Мөнх.Нямдорж,5,7,4,16
Мэдээллийн систем,Чулуун.Амарсайхан,540,Жигмэд.Гэрэлмаа,4,5,3,12
Компьютерийн ухаан,Баатар.Цэрэнпунцаг,541,Намдаг.Гэндэнпэрэнлэй,4,7,4,15
Программ хангамж,Равжаа.Хуягбаатар,542,Дорж.Жаргалсайхан,2,4,2,8
Мэдээллийн технологи,Сүрэн.Нарандэлгэр,543,Санжаа.Дэлгэрцэцэг,4,5,3,12
Мультимедийн технологи,Сүрэн.Гэндэнпэрэнлэй,544,Гомбожав.Дэлгэрмаа,6,8,5,19
Мэдээллийн систем,Дамба.Баатарсүрэн,545,Лодой.Хулан,2,4,2,8
Компьютерийн ухаан,Дүгэр.Ганцэцэг,546,Гомбо.Энхзул,4,7,4,15
Программ хангамж,Нямаа.Цэнд,547,Жигмэд.Цэдэндамба,4,6,3,13
Мэдээллийн технологи,Жамц.Тамир,548,Бат.Дэлгэрцэцэг,5,8,5,18
Мультимедийн технологи,Норов.Дэлгэрбаяр,549,Намдаг.Баттөр,4,6,4,14
Мэдээллийн систем,Нар.Оюунбилэг,550,Шагдар.Бадамсүрэн,4,8,4,16
Компьютерийн ухаан,Гэлэг.Дэлгэрбаяр,551,Намдаг.Баттөр,5,8,5,18
Программ хангамж,Цэрэн.Санжаасүрэн,552,Мөнх.Нямдорж,5,8,4,17
Мэдээллийн технологи,Баатар.Гэрэлтуяа,553,Санжаа.Дэлгэрцэцэг,3,4,3,10
Мультимедийн технологи,Мөнх.Мөнхзул,554,Балдан.Дэмчигдорж,5,7,4,16
Мэдээллийн систем,Сүрэн.Батзориг,555,Галсан.Самбуу,6,8,5,19
Компьютерийн ухаан,Дорж.Хурц,556,Жигмэд.Гэрэлмаа,5,8,4,17
Программ хангамж,Мөнх.Буянтогтох,557,Намдаг.Гэндэнпэрэнлэй,4,6,3,13
Мэдээллийн технологи,Гэлэг.Чойжилсүрэн,558,Жигмэд.Цэдэндамба,4,6,4,14
Мультимедийн технологи,Сүрэн.Болд,559,Ринчин.Батзориг,5,7,4,16
Мэдээллийн систем,Бямба.Ариунаа,560,Дорж.Орхон,5,7,4,16
Компьютерийн ухаан,Баатар.Оюун,561,Дорж.Жаргалсайхан,5,8,5,18
Программ хангамж,Лодой.Баяраа,562,Гомбо.Энхзул,5,8,4,17
Мэдээллийн технологи,Жамбал.Дагиймаа,563,Гомбо.Нармандах,3,5,2,10
Мультимедийн технологи,Ринчин.Бямбасүрэн,564,Балдан.Дэмчигдорж,5,8,4,17
Мэдээллийн систем,Намдаг.Дэлгэрмаа,565,Намдаг.Гэндэнпэрэнлэй,4,4,2,10
Компьютерийн ухаан,Ринчин.Эрдэнэбат,566,Жигмэд.Гэрэлмаа,3,6,3,12
Программ хангамж,Нямаа.Дэлгэрмаа,567,Лхам.Цэрэнпунцаг,5,8,4,17
Мэдээллийн технологи,Лодой.Солонго,568,Гомбо.Нармандах,4,5,3,12
Мультимедийн технологи,Жамбал.Зундуй,569,Лхам.Оюун,6,8,4,18
Мэдээллийн систем,Бат.Дэлгэрбаяр,570,Шагдар.Бадамсүрэн,5,6,4,15
Компьютерийн ухаан,Баатар.Цэдэндамба,571,Содном.Батсайхан,5,7,4,16
Программ хангамж,Жамбал.Оюунбилэг,572,Галсан.Энхзул,3,5,3,11
Мэдээллийн технологи,Намдаг.Лувсандорж,573,Бат.Мөнхбаяр,3,5,3,11
Мультимедийн технологи,Бат.Эрдэнэбат,574,Гомбо.Энхзул,4,6,3,13
Мэдээллийн систем,Цэвэл.Ундрал,575,Бат.Мөнхбаяр,4,7,4,15
Компьютерийн ухаан,Равжаа.Санжаасүрэн,576,Сүрэн.Гэрэлтуяа,5,8,4,17
Программ хангамж,Жамц.Бадамсүрэн,577,Гомбо.Нармандах,4,6,4,14
Мэдээллийн технологи,Содном.Энхтөр,578,Намдаг.Баттөр,4,7,4,15
Мультимедийн технологи,Пүрэв.Ариунболд,579,Сүрэн.Гэрэлтуяа,6,9,5,20
Мэдээллийн систем,Энх.Бурмаа,580,Балдан.Энхбат,5,8,5,18
Компьютерийн ухаан,Гомбо.Номин,581,Лхам.Оюун,5,9,4,18
Программ хангамж,Бат.Бямбасүрэн,582,Мөнх.Нямдорж,4,6,3,13
Мэдээллийн технологи,Равжаа.Гэрэлмаа,583,Галсан.Энхзул,3,5,3,11
Мультимедийн технологи,Пүрэв.Баяртөгс,584,Лодой.Хулан,4,7,4,15
Мэдээллийн систем,Нацаг.Дэлгэрбаяр,585,Сүрэн.Гэрэлтуяа,5,8,4,17
Компьютерийн ухаан,Цэвэл.Оюун,586,Ринчин.Батзориг,5,4,3,12
Программ хангамж,Лхам.Санжаасүрэн,587,Ринчин.Батзориг,6,8,5,19
Мэдээллийн технологи,Чулуун.Цэрэн,588,Бат.Дэлгэрцэцэг,5,9,4,18
Мультимедийн технологи,Жамц.Батчимэг,589,Содном.Нарантуяа,6,9,5,20
Мэдээллийн систем,Дамба.Ганболд,590,Лхам.Цэрэнпунцаг,5,8,5,18
Компьютерийн ухаан,Мөнх.Батмөнх,591,Мөнх.Нямдорж,4,6,4,14
Программ хангамж,Лхам.Мөнхзул,592,Нацаг.Отгонтөгс,4,7,4,15
Мэдээллийн технологи,Нямаа.Жаргалсайхан,593,Балдан.Ундрал,5,7,4,16
Мультимедийн технологи,Буян.Ганболд,594,Лхам.Цэрэнпунцаг,5,7,5,17
Мэдээллийн систем,Бат.Солонго,595,Содном.Нарантуяа,5,7,4,16
Компьютерийн ухаан,Буян.Баатарсүрэн,596,Нацаг.Отгонтөгс,5,8,4,17
Программ хангамж,Чулуун.Энхтуяа,597,Лхам.Цэрэнпунцаг,5,8,4,17
Мэдээллийн технологи,Буян.Батмөнх,598,Лхам.Цэрэнпунцаг,4,6,4,14
Мультимедийн технологи,Галсан.Цэцэгмаа,599,Лхам.Оюун,6,8,5,19
Мэдээллийн систем,Пүрэв.Нямгэрэл,600,Содном.Ганболд,4,6,4,14
Компьютерийн ухаан,Лхам.Батхүү,601,Сүрэн.Гэрэлтуяа,5,8,4,17
Программ хангамж,Бат.Отгонтөгс,602,Ринчин.Батзориг,5,8,5,18
Мэдээллийн технологи,Баатар.Мөнхжаргал,603,Содном.Батсайхан,5,7,4,16
Мультимедийн технологи,Бат.Баатарсүрэн,604,Энх.Амарсайхан,6,9,5,20
Мэдээллийн систем,Энх.Цэрэн,605,Содном.Ганболд,3,5,3,11
Компьютерийн ухаан,Гэлэг.Бат-Эрдэнэ,606,Ринчин.Батзориг,5,8,5,18
Программ хангамж,Нар.Ундрал,607,Ринчин.Батзориг,5,8,4,17
Мэдээллийн технологи,Бямба.Туяа,608,Ринчин.Батзориг,5,8,4,17
Мультимедийн технологи,Бямба.Батчулуун,609,Энх.Амарсайхан,5,8,4,17
Мэдээллийн систем,Дүгэр.Лувсандорж,610,Гомбожав.Дэлгэрмаа,5,7,4,16
Компьютерийн ухаан,Жамц.Дэлгэрмаа,611,Лхам.Оюун,6,7,4,17
Программ хангамж,Шагдар.Хуягбаатар,612,Галсан.Самбуу,5,8,5,18
Мэдээллийн технологи,Гомбожав.Нямгэрэл,613,Гомбо.Нармандах,5,7,4,16
Мультимедийн технологи,Норов.Буянтогтох,614,Гомбожав.Дэлгэрмаа,5,7,4,16
Мэдээллийн систем,Жигмэд.Жаргалсайхан,615,Гомбо.Нармандах,5,6,4,15
Компьютерийн ухаан,Сүрэн.Дагиймаа,616,Баатар.Мөнхтулга,5,7,4,16
Программ хангамж,Нацаг.Баярсайхан,617,Дорж.Жаргалсайхан,4,6,3,13
Мэдээллийн технологи,Бат.Наранцэцэг,618,Балдан.Ундрал,4,7,4,15
Мультимедийн технологи,Дамба.Батхүү,619,Энх.Амарсайхан,5,9,4,18
Мэдээллийн систем,Лодой.Нямдорж,620,Баатар.Мөнхтулга,5,8,5,18
Компьютерийн ухаан,Буян.Намсрай,621,Энх.Амарсайхан,6,7,4,17
Программ хангамж,Намдаг.Золзаяа,622,Намдаг.Гэндэнпэрэнлэй,4,7,4,15
Мэдээллийн технологи,Жамц.Нямдорж,623,Галсан.Энхзул,6,8,4,18
Мультимедийн технологи,Энх.Баясгалан,624,Жигмэд.Гэрэлмаа,5,7,4,16
Мэдээллийн систем,Санжаа.Дашдорж,625,Гомбо.Энхзул,5,7,4,16
Компьютерийн ухаан,Бямба.Цэнд,626,Дорж.Орхон,5,8,4,17
Программ хангамж,Гомбо.Мандхай,627,Галсан.Самбуу,6,9,5,20
Мэдээллийн технологи,Содном.Дагиймаа,628,Гомбо.Нармандах,4,7,3,14
Мультимедийн технологи,Дорж.Нарандэлгэр,629,Балдан.Энхбат,5,6,3,14
Мэдээллийн систем,Намдаг.Баясгалан,630,Бат.Мөнхбаяр,4,7,4,15
Компьютерийн ухаан,Галсан.Мөнхбаяр,631,Содном.Нарантуяа,5,9,4,18
Программ хангамж,Нар.Батхүү,632,Цэрэн.Лундэнгийн,5,9,5,19
Мэдээллийн технологи,Лхам.Гэрэлмаа,633,Нар.Баттөр,6,8,4,18
Мультимедийн технологи,Ринчин.Доржготов,634,Галсан.Энхзул,5,8,5,18
Мэдээллийн систем,Нар.Батзориг,635,Мөнх.Нямдорж,5,8,4,17
Компьютерийн ухаан,Жамбал.Цэрэнпунцаг,636,Содном.Батсайхан,4,5,3,12
Программ хангамж,Норов.Гэрэлмаа,637,Лхам.Оюун,6,9,5,20
Мэдээллийн технологи,Ган.Нарандэлгэр,638,Бямба.Алтансүх,5,7,4,16
Мультимедийн технологи,Цэрэн.Гунгаасүрэн,639,Балдан.Дэмчигдорж,6,9,5,20
Мэдээллийн систем,Лодой.Бямбасүрэн,640,Лхам.Цэрэнпунцаг,5,8,4,17
Компьютерийн ухаан,Бат.Нарандэлгэр,641,Цэрэн.Лундэнгийн,6,9,5,20
Программ хангамж,Нар.Мөнхбаяр,642,Гомбожав.Дэлгэрмаа,5,8,4,17
Мэдээллийн технологи,Жигмэд.Нармандах,643,Бат.Дэлгэрцэцэг,5,9,5,19
Мультимедийн технологи,Ган.Алтансүх,644,Бат.Дэлгэрцэцэг,5,8,5,18
Мэдээллийн систем,Гэлэг.Гантулга,645,Цэрэн.Лундэнгийн,5,6,4,15
Компьютерийн ухаан,Лодой.Ганцэцэг,646,Шагдар.Бадамсүрэн,5,7,4,16
Программ хангамж,Дорж.Одгэрэл,647,Энх.Мөнхтөр,4,8,4,16
Мэдээллийн технологи,Галсан.Оюунцэцэг,648,Содном.Батсайхан,5,7,4,16
Мультимедийн технологи,Норов.Гэрэлтуяа,649,Шагдар.Бадамсүрэн,5,7,4,16
Мэдээллийн систем,Санжаа.Ганболд,650,Гомбожав.Дэлгэрмаа,5,7,4,16
Компьютерийн ухаан,Чулуун.Цэцэгмаа,651,Содном.Ганболд,4,5,3,12
Программ хангамж,Нар.Тамир,652,Бат.Мөнхбаяр,4,7,3,14
Мэдээллийн технологи,Мөнх.Оюун,653,Содном.Батсайхан,5,7,4,16
Мультимедийн технологи,Санжаа.Цогтбаатар,654,Намдаг.Баттөр,5,8,4,17
Мэдээллийн систем,Жамц.Сарантуяа,655,Энх.Мөнхтөр,5,8,4,17
Компьютерийн ухаан,Ринчин.Энхмандал,656,Содном.Нарантуяа,6,7,4,17
Программ хангамж,Цэвэл.Дагиймаа,657,Дорж.Жаргалсайхан,4,6,4,14
Мэдээллийн технологи,Бямба.Баатарсүрэн,658,Лхам.Оюун,5,8,5,18
Мультимедийн технологи,Гомбожав.Сарантуяа,659,Содном.Нарантуяа,5,8,5,18
Мэдээллийн систем,Гомбо.Гэндэнпэрэнлэй,660,Лхам.Оюун,6,9,5,20
Компьютерийн ухаан,Бямба.Нандинцэцэг,661,Гомбо.Нармандах,5,7,4,16
Программ хангамж,Нацаг.Энхзул,662,Нацаг.Отгонтөгс,5,8,4,17
Мэдээллийн технологи,Сүрэн.Оюун,663,Энх.Амарсайхан,5,8,4,17
Мультимедийн технологи,Гэлэг.Батсайхан,664,Сүрэн.Гэрэлтуяа,5,7,4,16
Мэдээллийн систем,Цэвэл.Батчулуун,665,Намдаг.Баттөр,5,8,4,17
Компьютерийн ухаан,Ган.Ганболд,666,Гомбо.Нармандах,4,6,3,13
Программ хангамж,Нацаг.Санжаасүрэн,667,Лхам.Оюун,6,9,5,20
Мэдээллийн технологи,Балдан.Наранцэцэг,668,Лодой.Хулан,4,7,3,14
Мультимедийн технологи,Содном.Хишигдэлэг,669,Лхам.Оюун,5,8,5,18
Мэдээллийн систем,Энх.Бямбасүрэн,670,Балдан.Дэмчигдорж,6,8,4,18
Компьютерийн ухаан,Дамба.Батмөнх,671,Гомбожав.Дэлгэрмаа,5,7,4,16
Программ хангамж,Дорж.Мөнхзул,672,Жигмэд.Цэдэндамба,4,6,4,14
Мэдээллийн технологи,Дүгэр.Дэмчигдорж,673,Цэрэн.Лхагвасүрэн,5,7,4,16
Мультимедийн технологи,Дүгэр.Гэндэнпэрэнлэй,674,Сүрэн.Гэрэлтуяа,4,5,2,11
Мэдээллийн систем,Дүгэр.Лувсанцэрэн,675,Бат.Мөнхбаяр,3,5,3,11
Компьютерийн ухаан,Жамбал.Цэцэгмаа,676,Гомбо.Нармандах,4,6,3,13
Программ хангамж,Гомбожав.Эрдэнэбат,677,Жигмэд.Гэрэлмаа,5,8,4,17
Мэдээллийн технологи,Цэрэн.Лувсанцэрэн,678,Дорж.Жаргалсайхан,4,6,4,14
Мультимедийн технологи,Содном.Цэрэнпунцаг,679,Галсан.Самбуу,4,7,4,15
Мэдээллийн систем,Дамба.Гантулга,680,Лодой.Хулан,4,6,3,13
Компьютерийн ухаан,Нацаг.Ганбаяр,681,Лхам.Оюун,6,8,5,19
Программ хангамж,Дорж.Золзаяа,682,Сүрэн.Гэрэлтуяа,5,7,4,16
Мэдээллийн технологи,Содном.Равдан,683,Дорж.Орхон,4,6,3,13
Мультимедийн технологи,Галсан.Гэрэлмаа,684,Бат.Дэлгэрцэцэг,5,8,5,18
Мэдээллийн систем,Норов.Пүрэвдорж,685,Энх.Мөнхтөр,5,7,4,16
Компьютерийн ухаан,Лодой.Буянтогтох,686,Бямба.Алтансүх,5,8,4,17
Программ хангамж,Сүрэн.Ганцэцэг,687,Галсан.Энхзул,4,6,3,13
Мэдээллийн технологи,Гомбо.Лувсанцэрэн,688,Галсан.Самбуу,5,9,4,18
Мультимедийн технологи,Галсан.Гантулга,689,Гомбо.Нармандах,5,7,4,16
Мэдээллийн систем,Мөнх.Цэцэгдэлгэр,690,Энх.Мөнхтөр,4,7,4,15
Компьютерийн ухаан,Мөнх.Лувсандорж,691,Бат.Дэлгэрцэцэг,4,6,3,13
Программ хангамж,Шагдар.Халиун,692,Энх.Мөнхтөр,6,9,5,20
Мэдээллийн технологи,Цэвэл.Нандин,693,Бат.Дэлгэрцэцэг,5,8,4,17
Мультимедийн технологи,Жамц.Цэрэн,694,Балдан.Энхбат,5,7,5,17
Мэдээллийн систем,Лхам.Баясгалан,695,Гомбожав.Дэлгэрмаа,5,7,4,16
Компьютерийн ухаан,Лодой.Нарандэлгэр,696,Намдаг.Гэндэнпэрэнлэй,3,4,2,9
Программ хангамж,Гомбо.Цэнд,697,Шагдар.Бадамсүрэн,4,8,4,16
Мэдээллийн технологи,Гомбо.Отгонтөгс,698,Бат.Мөнхбаяр,4,6,3,13
Мультимедийн технологи,Ган.Нандинцэцэг,699,Сүрэн.Гэрэлтуяа,5,7,4,16
Мэдээллийн систем,Намдаг.Баатарсүрэн,700,Содном.Нарантуяа,4,7,4,15
Компьютерийн ухаан,Цэрэн.Халиун,701,Галсан.Энхзул,5,7,4,16
Программ хангамж,Галсан.Бадамсүрэн,702,Дорж.Орхон,5,8,4,17
Мэдээллийн технологи,Галсан.Орхон,703,Энх.Мөнхтөр,4,5,3,12
Мультимедийн технологи,Санжаа.Туяа,704,Цэрэн.Лундэнгийн,5,8,5,18
Мэдээллийн систем,Дорж.Мөнхжаргал,705,Цэрэн.Лундэнгийн,5,6,4,15
Компьютерийн ухаан,Бат.Хуягбаатар,706,Намдаг.Гэндэнпэрэнлэй,5,8,4,17
Программ хангамж,Ринчин.Дэлгэрмаа,707,Ринчин.Батзориг,5,8,4,17
Мэдээллийн технологи,Энх.Нямгэрэл,708,Гомбо.Энхзул,3,5,3,11
Мультимедийн технологи,Равжаа.Цэцэгмаа,709,Содном.Батсайхан,4,7,4,15
Мэдээллийн систем,Баатар.Энхтөр,710,Намдаг.Гэндэнпэрэнлэй,4,6,3,13
Компьютерийн ухаан,Бямба.Одгэрэл,711,Баатар.Мөнхтулга,4,7,4,15
Программ хангамж,Цэрэн.Батмөнх,712,Мөнх.Нямдорж,5,8,4,17
Мэдээллийн технологи,Гомбо.Мөнхтөр,713,Содном.Нарантуяа,5,8,4,17
Мультимедийн технологи,Санжаа.Ундрал,714,Баатар.Мөнхтулга,4,7,4,15
Мэдээллийн систем,Сүрэн.Энхтөр,715,Ринчин.Батзориг,5,8,4,17
Компьютерийн ухаан,Цэрэн.Мэргэн,716,Жигмэд.Гэрэлмаа,3,5,3,11
Программ хангамж,Жигмэд.Баатарсүрэн,717,Энх.Амарсайхан,5,8,4,17
Мэдээллийн технологи,Ринчин.Гэрэлтуяа,718,Лхам.Цэрэнпунцаг,6,8,4,18
Мультимедийн технологи,Гомбо.Мөнхжаргал,719,Лхам.Цэрэнпунцаг,5,6,3,14
Мэдээллийн систем,Дүгэр.Халиун,720,Лхам.Оюун,6,9,5,20
Компьютерийн ухаан,Дорж.Нямгэрэл,721,Нар.Баттөр,4,7,3,14
Программ хангамж,Жамц.Гунгаасүрэн,722,Мөнх.Нямдорж,4,7,4,15
Мэдээллийн технологи,Жамбал.Мөнхбаяр,723,Цэрэн.Лундэнгийн,5,8,4,17
Мультимедийн технологи,Ринчин.Мөнхжаргал,724,Лхам.Цэрэнпунцаг,5,8,5,18
Мэдээллийн систем,Чулуун.Тэмүүлэн,725,Бат.Мөнхбаяр,4,6,3,13
Компьютерийн ухаан,Мөнх.Нандинцэцэг,726,Мөнх.Нямдорж,5,7,4,16
Программ хангамж,Пүрэв.Одонтуяа,727,Дорж.Жаргалсайхан,5,8,5,18
Мэдээллийн технологи,Жамбал.Нарандэлгэр,728,Содном.Нарантуяа,6,8,4,18
Мультимедийн технологи,Лхам.Баяртөгс,729,Бат.Дэлгэрцэцэг,5,7,4,16
Мэдээллийн систем,Дүгэр.Мөнхбаяр,730,Шагдар.Бадамсүрэн,5,8,4,17
Компьютерийн ухаан,Санжаа.Ариунболд,731,Гомбо.Нармандах,4,6,3,13
Программ хангамж,Содном.Тэмүүлэн,732,Энх.Амарсайхан,5,8,5,18
Мэдээллийн технологи,Дамба.Баяраа,733,Мөнх.Нямдорж,5,8,4,17
Мультимедийн технологи,Цэрэн.Гэрэлмаа,734,Лхам.Цэрэнпунцаг,6,7,4,17
Мэдээллийн систем,Балдан.Солонго,735,Цэрэн.Лхагвасүрэн,4,5,3,12
Компьютерийн ухаан,Буян.Доржготов,736,Цэрэн.Лхагвасүрэн,5,7,4,16
Программ хангамж,Норов.Тамир,737,Бат.Мөнхбаяр,4,7,3,14
Мэдээллийн технологи,Буян.Дулмаа,738,Гомбо.Нармандах,4,7,3,14
Мультимедийн технологи,Пүрэв.Бат-Эрдэнэ,739,Лхам.Оюун,6,9,5,20
Мэдээллийн систем,Буян.Баяраа,740,Галсан.Самбуу,6,9,5,20
Компьютерийн ухаан,Бямба.Номин,741,Намдаг.Гэндэнпэрэнлэй,3,6,2,11
Программ хангамж,Гэлэг.Лхагвасүрэн,742,Нацаг.Отгонтөгс,4,6,3,13
Мэдээллийн технологи,Буян.Нямгэрэл,743,Энх.Амарсайхан,6,8,4,18
Мультимедийн технологи,Нацаг.Номин,744,Энх.Мөнхтөр,4,6,3,13
Мэдээллийн систем,Цэвэл.Батчимэг,745,Шагдар.Бадамсүрэн,5,7,4,16
Компьютерийн ухаан,Гомбожав.Мөнхбаяр,746,Лхам.Оюун,5,8,5,18
Программ хангамж,Лодой.Мандхай,747,Содном.Ганболд,2,4,2,8
Мэдээллийн технологи,Гомбо.Оюун,748,Нацаг.Отгонтөгс,4,6,3,13
Мультимедийн технологи,Санжаа.Отгонтөгс,749,Намдаг.Гэндэнпэрэнлэй,5,7,3,15
Мэдээллийн систем,Жамбал.Нямдорж,750,Лхам.Цэрэнпунцаг,5,9,5,19
Компьютерийн ухаан,Дүгэр.Гэрэл,751,Энх.Амарсайхан,5,9,5,19
Программ хангамж,Цэвэл.Энхмандал,752,Ринчин.Батзориг,6,9,5,20
Мэдээллийн технологи,Ган.Батхүү,753,Лодой.Хулан,5,7,4,16
Мультимедийн технологи,Мөнх.Хуягбаатар,754,Намдаг.Баттөр,4,7,4,15
Мэдээллийн систем,Жамбал.Цэдэндамба,755,Содном.Ганболд,3,5,3,11
Компьютерийн ухаан,Намдаг.Санжаасүрэн,756,Цэрэн.Лундэнгийн,5,8,4,17
Программ хангамж,Намдаг.Амарсайхан,757,Энх.Мөнхтөр,5,7,4,16
Мэдээллийн технологи,Содном.Бат-Эрдэнэ,758,Дорж.Жаргалсайхан,5,7,4,16
Мультимедийн технологи,Сүрэн.Ганболд,759,Галсан.Самбуу,5,8,4,17
Мэдээллийн систем,Дамба.Лувсанцэрэн,760,Сүрэн.Гэрэлтуяа,5,7,4,16
Компьютерийн ухаан,Ринчин.Ганцэцэг,761,Содном.Батсайхан,5,7,4,16
Программ хангамж,Галсан.Нармандах,762,Шагдар.Бадамсүрэн,6,7,4,17
Мэдээллийн технологи,Ринчин.Зундуй,763,Содном.Нарантуяа,5,9,5,19
Мультимедийн технологи,Жамбал.Золзаяа,764,Намдаг.Гэндэнпэрэнлэй,5,7,4,16
Мэдээллийн систем,Равжаа.Туяа,765,Намдаг.Баттөр,6,8,4,18
Компьютерийн ухаан,Шагдар.Туяа,766,Намдаг.Баттөр,4,6,3,13
Программ хангамж,Гэлэг.Цэрэн,767,Дорж.Орхон,4,7,3,14
Мэдээллийн технологи,Балдан.Дэлгэрбаяр,768,Лхам.Цэрэнпунцаг,6,9,5,20
Мультимедийн технологи,Шагдар.Гэрэлмаа,769,Жигмэд.Гэрэлмаа,6,8,5,19
Мэдээллийн систем,Жамбал.Хулан,770,Дорж.Жаргалсайхан,4,8,4,16
Компьютерийн ухаан,Ган.Баяртөгс,771,Намдаг.Гэндэнпэрэнлэй,4,7,4,15
Программ хангамж,Содном.Гэрэлмаа,772,Содном.Ганболд,4,6,4,14
Мэдээллийн технологи,Галсан.Цэдэндамба,773,Бат.Мөнхбаяр,4,6,3,13
Мультимедийн технологи,Балдан.Ганболд,774,Гомбо.Нармандах,5,8,5,18
Мэдээллийн систем,Дүгэр.Ариунболд,775,Содном.Нарантуяа,6,9,5,20
Компьютерийн ухаан,Галсан.Туяа,776,Содном.Нарантуяа,5,8,5,18
Программ хангамж,Санжаа.Алтансүх,777,Галсан.Самбуу,6,6,4,16
Мэдээллийн технологи,Равжаа.Энхтуяа,778,Мөнх.Нямдорж,5,7,4,16
Мультимедийн технологи,Жигмэд.Нарандэлгэр,779,Галсан.Самбуу,5,7,4,16
Мэдээллийн систем,Гэлэг.Наранцэцэг,780,Содном.Нарантуяа,5,6,4,15
Компьютерийн ухаан,Чулуун.Дашдорж,781,Баатар.Мөнхтулга,5,8,4,17
Программ хангамж,Сүрэн.Золо,782,Содном.Нарантуяа,6,8,5,19
Мэдээллийн технологи,Жамц.Равдан,783,Галсан.Энхзул,5,7,4,16
Мультимедийн технологи,Гомбожав.Энхтуяа,784,Лхам.Цэрэнпунцаг,5,7,4,16
Мэдээллийн систем,Мөнх.Хурц,785,Содном.Нарантуяа,5,8,4,17
Компьютерийн ухаан,Нар.Энхтуяа,786,Содном.Нарантуяа,3,7,3,13
Программ хангамж,Ган.Орхон,787,Энх.Мөнхтөр,5,7,4,16
Мэдээллийн технологи,Гэлэг.Буянтогтох,788,Галсан.Энхзул,5,9,4,18
Мультимедийн технологи,Буян.Отгонтөгс,789,Мөнх.Нямдорж,5,8,5,18
Мэдээллийн систем,Буян.Бямбасүрэн,790,Гомбожав.Дэлгэрмаа,5,7,4,16
Компьютерийн ухаан,Буян.Батчулуун,791,Баатар.Мөнхтулга,3,5,4,12
Программ хангамж,Бямба.Нямгэрэл,792,Санжаа.Дэлгэрцэцэг,5,7,4,16
Мэдээллийн технологи,Жамбал.Нандинцэцэг,793,Санжаа.Дэлгэрцэцэг,4,6,3,13
Мультимедийн технологи,Равжаа.Одгэрэл,794,Санжаа.Дэлгэрцэцэг,5,7,4,16
Мэдээллийн систем,Чулуун.Дэлгэрцэцэг,795,Намдаг.Баттөр,6,9,5,20
Компьютерийн ухаан,Нацаг.Гантулга,796,Балдан.Дэмчигдорж,4,6,3,13
Программ хангамж,Дүгэр.Золо,797,Энх.Мөнхтөр,4,7,4,15
Мэдээллийн технологи,Галсан.Зоригоо,798,Гомбо.Нармандах,4,6,3,13
Мультимедийн технологи,Буян.Батхүү,799,Лодой.Хулан,4,6,4,14
Мэдээллийн систем,Дамба.Санжаасүрэн,800,Санжаа.Дэлгэрцэцэг,5,7,4,16
Компьютерийн ухаан,Чулуун.Нарандэлгэр,801,Галсан.Самбуу,4,6,3,13
Программ хангамж,Лодой.Намсрай,802,Сүрэн.Гэрэлтуяа,4,6,3,13
Мэдээллийн технологи,Гэлэг.Зоригоо,803,Лхам.Цэрэнпунцаг,5,6,3,14
Мультимедийн технологи,Цэрэн.Бурмаа,804,Энх.Мөнхтөр,3,5,3,11
Мэдээллийн систем,Нацаг.Мөнхтулга,805,Лодой.Хулан,4,6,3,13
Компьютерийн ухаан,Равжаа.Ганбаяр,806,Галсан.Самбуу,6,8,5,19
Программ хангамж,Баатар.Дамдинсүрэн,807,Содном.Ганболд,5,8,4,17
Мэдээллийн технологи,Дорж.Дагиймаа,808,Лодой.Хулан,5,6,4,15
Мультимедийн технологи,Намдаг.Хурц,809,Дорж.Орхон,3,5,2,10
Мэдээллийн систем,Гомбожав.Ганзориг,810,Лхам.Оюун,4,6,4,14
Компьютерийн ухаан,Ринчин.Санжаасүрэн,811,Ринчин.Батзориг,6,8,4,18
Программ хангамж,Шагдар.Лувсанцэрэн,812,Бат.Дэлгэрцэцэг,4,6,3,13
Мэдээллийн технологи,Жамбал.Гантулга,813,Гомбожав.Дэлгэрмаа,6,8,4,18
Мультимедийн технологи,Шагдар.Ганзориг,814,Гомбожав.Дэлгэрмаа,5,7,4,16
Мэдээллийн систем,Жамц.Доржготов,815,Намдаг.Баттөр,6,9,5,20
Компьютерийн ухаан,Лхам.Лувсанцэрэн,816,Шагдар.Бадамсүрэн,5,7,4,16
Программ хангамж,Балдан.Хулан,817,Ринчин.Батзориг,6,9,5,20
Мэдээллийн технологи,Дамба.Ариунболд,818,Содном.Нарантуяа,4,7,3,14
Мультимедийн технологи,Бат.Энхмандал,819,Ринчин.Батзориг,5,8,5,18
Мэдээллийн систем,Буян.Одонтуяа,820,Баатар.Мөнхтулга,5,8,4,17
Компьютерийн ухаан,Буян.Мөнхзул,821,Энх.Мөнхтөр,5,7,4,16
Программ хангамж,Мөнх.Туяа,822,Галсан.Самбуу,5,8,4,17
Мэдээллийн технологи,Гомбожав.Дамдинсүрэн,823,Намдаг.Гэндэнпэрэнлэй,5,7,4,16
Мультимедийн технологи,Нар.Хишигдэлэг,824,Лхам.Оюун,5,8,4,17
Мэдээллийн систем,Лодой.Цэцэгдэлгэр,825,Жигмэд.Цэдэндамба,4,6,4,14
Компьютерийн ухаан,Буян.Ариунболд,826,Балдан.Дэмчигдорж,5,9,4,18
Программ хангамж,Жамц.Наранцэцэг,827,Нацаг.Отгонтөгс,3,3,3,9
Мэдээллийн технологи,Шагдар.Цэрэнпунцаг,828,Ринчин.Батзориг,5,8,4,17
Мультимедийн технологи,Лхам.Равдан,829,Бат.Дэлгэрцэцэг,5,9,5,19
Мэдээллийн систем,Мөнх.Тамир,830,Бат.Дэлгэрцэцэг,5,8,5,18
Компьютерийн ухаан,Содном.Ариунаа,831,Гомбожав.Дэлгэрмаа,4,5,4,13
Программ хангамж,Ган.Энхмандал,832,Цэрэн.Лундэнгийн,6,7,4,17
Мэдээллийн технологи,Цэвэл.Дэлгэрбаяр,833,Лодой.Хулан,5,8,4,17
Мультимедийн технологи,Дорж.Дэлгэрмаа,834,Нацаг.Отгонтөгс,3,4,3,10
Мэдээллийн систем,Намдаг.Нармандах,835,Балдан.Дэмчигдорж,6,8,4,18
Компьютерийн ухаан,Санжаа.Одонтуяа,836,Содном.Ганболд,4,6,3,13
Программ хангамж,Дорж.Лундэнгийн,837,Содном.Нарантуяа,5,9,5,19
Мэдээллийн технологи,Пүрэв.Мөнхцэцэг,838,Намдаг.Гэндэнпэрэнлэй,5,8,4,17
Мультимедийн технологи,Пүрэв.Лундэнгийн,839,Бат.Дэлгэрцэцэг,5,8,5,18
Мэдээллийн систем,Нар.Цэцэгдэлгэр,840,Энх.Мөнхтөр,5,7,4,16
Компьютерийн ухаан,Лодой.Батчулуун,841,Нар.Баттөр,5,9,5,19
Программ хангамж,Бат.Буянтогтох,842,Балдан.Энхбат,4,7,4,15
Мэдээллийн технологи,Мөнх.Оюунцэцэг,843,Цэрэн.Лундэнгийн,5,8,4,17
Мультимедийн технологи,Гэлэг.Нарантуяа,844,Бат.Дэлгэрцэцэг,5,8,5,18
Мэдээллийн систем,Норов.Орхон,845,Бат.Дэлгэрцэцэг,6,9,5,20
Компьютерийн ухаан,Сүрэн.Дэлгэрцэцэг,846,Ринчин.Батзориг,4,5,4,13
Программ хангамж,Ган.Сарантуяа,847,Энх.Мөнхтөр,5,7,4,16
Мэдээллийн технологи,Дүгэр.Орхон,848,Намдаг.Гэндэнпэрэнлэй,5,8,4,17
Мультимедийн технологи,Галсан.Золзаяа,849,Энх.Мөнхтөр,5,7,4,16
Мэдээллийн систем,Сүрэн.Отгонтөгс,850,Намдаг.Баттөр,4,6,3,13
Компьютерийн ухаан,Чулуун.Батзориг,851,Балдан.Дэмчигдорж,5,8,5,18
Программ хангамж,Ган.Наранцэцэг,852,Лхам.Оюун,5,9,5,19
Мэдээллийн технологи,Жигмэд.Халиун,853,Лхам.Цэрэнпунцаг,6,8,5,19
Мультимедийн технологи,Пүрэв.Батмөнх,854,Гомбо.Нармандах,4,6,4,14
Мэдээллийн систем,Чулуун.Одонтуяа,855,Содном.Нарантуяа,6,7,4,17
Компьютерийн ухаан,Жамбал.Доржготов,856,Балдан.Дэмчигдорж,5,7,5,17
Программ хангамж,Дорж.Туяа,857,Намдаг.Баттөр,4,7,4,15
Мэдээллийн технологи,Лодой.Ундрал,858,Содном.Батсайхан,4,7,4,15
Мультимедийн технологи,Жигмэд.Самбуу,859,Галсан.Энхзул,5,8,5,18
Мэдээллийн систем,Нацаг.Буянтогтох,860,Санжаа.Дэлгэрцэцэг,6,8,4,18
Компьютерийн ухаан,Пүрэв.Оюун,861,Гомбо.Энхзул,4,7,4,15
Программ хангамж,Жамц.Ганболд,862,Жигмэд.Гэрэлмаа,3,5,3,11
Мэдээллийн технологи,Гэлэг.Хулан,863,Жигмэд.Цэдэндамба,5,7,3,15
Мультимедийн технологи,Лодой.Равдан,864,Гомбо.Энхзул,4,6,3,13
Мэдээллийн систем,Цэрэн.Оюунбилэг,865,Содном.Нарантуяа,4,6,3,13
Компьютерийн ухаан,Жигмэд.Батсайхан,866,Лхам.Цэрэнпунцаг,6,9,5,20
Программ хангамж,Гомбожав.Золзаяа,867,Дорж.Жаргалсайхан,6,8,4,18
Мэдээллийн технологи,Содном.Одонтуяа,868,Бат.Мөнхбаяр,4,6,3,13
Мультимедийн технологи,Гомбожав.Мандхай,869,Гомбо.Нармандах,4,6,4,14
Мэдээллийн систем,Дүгэр.Нандин,870,Мөнх.Нямдорж,3,5,3,11
Компьютерийн ухаан,Нар.Баясгалан,871,Санжаа.Дэлгэрцэцэг,4,8,4,16
Программ хангамж,Нямаа.Мөнхтулга,872,Балдан.Ундрал,5,8,4,17
Мэдээллийн технологи,Жигмэд.Цэцэгдэлгэр,873,Намдаг.Гэндэнпэрэнлэй,3,5,2,10
Мультимедийн технологи,Санжаа.Энхзул,874,Лодой.Хулан,4,7,3,14
Мэдээллийн систем,Жамбал.Энхбат,875,Лхам.Оюун,6,8,5,19
Компьютерийн ухаан,Нар.Хулан,876,Галсан.Самбуу,5,8,4,17
Программ хангамж,Мөнх.Зоригоо,877,Жигмэд.Гэрэлмаа,4,6,3,13
Мэдээллийн технологи,Нацаг.Хулан,878,Энх.Амарсайхан,6,8,4,18
Мультимедийн технологи,Цэвэл.Батсайхан,879,Содном.Ганболд,4,6,3,13
Мэдээллийн систем,Норов.Мөнхтулга,880,Лодой.Хулан,4,6,4,14
Компьютерийн ухаан,Сүрэн.Орхон,881,Жигмэд.Цэдэндамба,4,7,4,15
Программ хангамж,Намдаг.Алтансүх,882,Лхам.Цэрэнпунцаг,6,9,5,20
Мэдээллийн технологи,Нацаг.Намсрай,883,Содном.Батсайхан,6,8,4,18
Мультимедийн технологи,Намдаг.Оюунцэцэг,884,Энх.Амарсайхан,4,7,3,14
Мэдээллийн систем,Сүрэн.Дулмаа,885,Галсан.Самбуу,5,8,4,17
Компьютерийн ухаан,Ринчин.Бурмаа,886,Гомбо.Нармандах,5,6,3,14
Программ хангамж,Дүгэр.Батчимэг,887,Сүрэн.Гэрэлтуяа,5,8,4,17
Мэдээллийн технологи,Мөнх.Батзориг,888,Санжаа.Дэлгэрцэцэг,5,7,4,16
Мультимедийн технологи,Сүрэн.Одгэрэл,889,Жигмэд.Гэрэлмаа,5,7,4,16
Мэдээллийн систем,Намдаг.Мөнхцэцэг,890,Сүрэн.Гэрэлтуяа,6,8,5,19
Компьютерийн ухаан,Санжаа.Энхтөр,891,Гомбо.Энхзул,4,6,3,13
Программ хангамж,Буян.Золзаяа,892,Мөнх.Нямдорж,4,7,4,15
Мэдээллийн технологи,Балдан.Баяраа,893,Мөнх.Нямдорж,4,8,4,16
Мультимедийн технологи,Равжаа.Батчулуун,894,Намдаг.Баттөр,4,6,3,13
Мэдээллийн систем,Норов.Энхбат,895,Галсан.Самбуу,5,5,4,14
Компьютерийн ухаан,Дорж.Хулан,896,Лодой.Хулан,5,6,3,14
Программ хангамж,Энх.Нарантуяа,897,Энх.Мөнхтөр,4,6,3,13
Мэдээллийн технологи,Ган.Нямдорж,898,Жигмэд.Цэдэндамба,3,5,2,10
Мультимедийн технологи,Намдаг.Ундрал,899,Шагдар.Бадамсүрэн,4,4,4,12
Мэдээллийн систем,Баатар.Нармандах,900,Ринчин.Батзориг,5,7,5,17
