Хөтөлбөр,Нэр,ID,Удирдагч багш,Гишүүн 1 оноо,Гишүүн 2 оноо,Гишүүн 3 оноо,Гишүүн 4 оноо,Нийт дундаж (20)
Компьютерийн ухаан,Содном.Дулмаа,1,Содном.Нарантуяа,16,16,17,15,16.0
Программ хангамж,Сүрэн.Цэцэгмаа,2,Балдан.Дэмчигдорж,12,16,16,16,15.0
Мэдээллийн технологи,Бямба.Золо,3,Лхам.Оюун,16,15,13,16,15.0
Мультимедийн технологи,Гэлэг.Солонго,4,Гомбо.Нармандах,17,19,18,18,18.0
Мэдээллийн систем,Гомбожав.Хишигдэлэг,5,Галсан.Самбуу,14,14,18,15,15.2
Компьютерийн ухаан,Мөнх.Цэдэндамба,6,Лхам.Цэрэнпунцаг,15,13,14,17,14.8
Программ хангамж,Жамбал.Лувсандорж,7,Лхам.Цэрэнпунцаг,19,16,15,16,16.5
Мэдээллийн технологи,Энх.Жаргалсайхан,8,Балдан.Энхбат,19,16,16,20,17.8
Мультимедийн технологи,Санжаа.Тамир,9,Жигмэд.Гэрэлмаа,20,19,15,14,17.0
Мэдээллийн систем,Ринчин.Солонго,10,Балдан.Энхбат,12,14,13,9,12.0
Компьютерийн ухаан,Бямба.Бадамсүрэн,11,Лхам.Оюун,18,18,20,18,18.5
Программ хангамж,Балдан.Оюун,12,Содном.Ганболд,15,15,13,17,15.0
Мэдээллийн технологи,Буян.Лхагвасүрэн,13,Мөнх.Нямдорж,12,16,15,12,13.8
Мультимедийн технологи,Шагдар.Хулан,14,Дорж.Жаргалсайхан,14,17,15,17,15.8
Мэдээллийн систем,Санжаа.Мөнхжаргал,15,Жигмэд.Гэрэлмаа,12,13,14,16,13.8
Компьютерийн ухаан,Буян.Дэлгэрмаа,16,Шагдар.Бадамсүрэн,18,17,17,15,16.8
Программ хангамж,Цэрэн.Нарантуяа,17,Жигмэд.Цэдэндамба,14,14,14,16,14.5
Мэдээллийн технологи,Гомбожав.Баярсайхан,18,Балдан.Энхбат,18,19,16,14,16.8
Мультимедийн технологи,Дамба.Бямбасүрэн,19,Намдаг.Баттөр,15,15,9,12,12.8
Мэдээллийн систем,Пүрэв.Гэрэлтуяа,20,Содном.Нарантуяа,14,15,16,15,15.0
Компьютерийн ухаан,Содном.Ундрал,21,Содном.Батсайхан,15,14,14,16,14.8
Программ хангамж,Нямаа.Батзориг,22,Энх.Амарсайхан,19,20,20,19,19.5
Мэдээллийн технологи,Шагдар.Нандин,23,Шагдар.Бадамсүрэн,14,14,18,15,15.2
Мультимедийн технологи,Бямба.Солонго,24,Жигмэд.Цэдэндамба,15,14,12,16,14.2
Мэдээллийн систем,Жигмэд.Нямгэрэл,25,Содном.Ганболд,14,10,13,11,12.0
Компьютерийн ухаан,Дорж.Тунгалаг,26,Лхам.Оюун,17,16,18,19,17.5
Программ хангамж,Норов.Лхагвасүрэн,27,Гомбожав.Дэлгэрмаа,18,18,13,15,16.0
Мэдээллийн технологи,Цэрэн.Одонтуяа,28,Шагдар.Бадамсүрэн,18,18,17,13,16.5
Мультимедийн технологи,Ган.Хишигдэлэг,29,Нацаг.Отгонтөгс,14,16,18,16,16.0
Мэдээллийн систем,Гэлэг.Тэмүүлэн,30,Бат.Мөнхбаяр,13,12,8,12,11.2
Компьютерийн ухаан,Буян.Гэрэлтуяа,31,Энх.Мөнхтөр,14,15,12,16,14.2
Программ хангамж,Гэлэг.Зундуй,32,Лхам.Оюун,14,14,18,15,15.2
Мэдээллийн технологи,Балдан.Отгонтөгс,33,Намдаг.Гэндэнпэрэнлэй,18,17,18,17,17.5
Мультимедийн технологи,Лодой.Ариунболд,34,Балдан.Ундрал,14,11,11,12,12.0
Мэдээллийн систем,Бат.Нандин,35,Ринчин.Батзориг,16,17,17,20,17.5
Компьютерийн ухаан,Намдаг.Ганболд,36,Содном.Нарантуяа,17,19,16,15,16.8
Программ хангамж,Нацаг.Нармандах,37,Энх.Мөнхтөр,16,19,19,14,17.0
Мэдээллийн технологи,Галсан.Санжаасүрэн,38,Галсан.Самбуу,15,19,18,18,17.5
Мультимедийн технологи,Буян.Цэцэгдэлгэр,39,Гомбожав.Дэлгэрмаа,17,17,16,16,16.5
Мэдээллийн систем,Жамбал.Нямгэрэл,40,Мөнх.Нямдорж,19,20,20,20,19.8
Компьютерийн ухаан,Гэлэг.Дулмаа,41,Сүрэн.Гэрэлтуяа,16,16,20,18,17.5
Программ хангамж,Энх.Гунгаасүрэн,42,Балдан.Дэмчигдорж,17,17,15,19,17.0
Мэдээллийн технологи,Шагдар.Санжаасүрэн,43,Содном.Нарантуяа,19,16,15,15,16.2
Мультимедийн технологи,Равжаа.Батсайхан,44,Шагдар.Бадамсүрэн,18,16,17,20,17.8
Мэдээллийн систем,Лодой.Дэлгэрцэцэг,45,Лхам.Цэрэнпунцаг,20,20,18,16,18.5
Компьютерийн ухаан,Лодой.Оюун,46,Лхам.Цэрэнпунцаг,18,18,15,17,17.0
Программ хангамж,Буян.Ганцэцэг,47,Гомбо.Нармандах,14,16,19,16,16.2
Мэдээллийн технологи,Равжаа.Нарандэлгэр,48,Бат.Мөнхбаяр,19,18,17,19,18.2
Мультимедийн технологи,Ринчин.Буянтогтох,49,Намдаг.Баттөр,15,18,17,17,16.8
Мэдээллийн систем,Гомбожав.Баяртөгс,50,Гомбо.Нармандах,17,17,20,18,18.0
Компьютерийн ухаан,Цэрэн.Баяраа,51,Галсан.Самбуу,17,15,13,14,14.8
Программ хангамж,Пүрэв.Цэдэндамба,52,Лхам.Цэрэнпунцаг,19,14,16,16,16.2
Мэдээллийн технологи,Бат.Бурмаа,53,Балдан.Ундрал,15,14,14,20,15.8
Мультимедийн технологи,Галсан.Лувсанцэрэн,54,Бат.Мөнхбаяр,17,19,16,16,17.0
Мэдээллийн систем,Ринчин.Ганзориг,55,Галсан.Самбуу,14,13,15,12,13.5
Компьютерийн ухаан,Баатар.Баяртөгс,56,Цэрэн.Лхагвасүрэн,14,16,17,18,16.2
Программ хангамж,Буян.Эрдэнэбат,57,Гомбо.Энхзул,16,16,15,17,16.0
Мэдээллийн технологи,Дүгэр.Зоригоо,58,Дорж.Орхон,13,15,12,16,14.0
Мультимедийн технологи,Дүгэр.Энхмандал,59,Бат.Мөнхбаяр,12,15,19,16,15.5
Мэдээллийн систем,Нар.Сарантуяа,60,Гомбо.Нармандах,19,12,17,19,16.8
Компьютерийн ухаан,Галсан.Баатарсүрэн,61,Гомбо.Нармандах,13,12,11,11,11.8
Программ хангамж,Гомбо.Пүрэвдорж,62,Сүрэн.Гэрэлтуяа,13,14,14,18,14.8
Мэдээллийн технологи,Дорж.Баярсайхан,63,Гомбожав.Дэлгэрмаа,20,20,17,18,18.8
Мультимедийн технологи,Норов.Мөнхцэцэг,64,Энх.Амарсайхан,19,18,16,16,17.2
Мэдээллийн систем,Бямба.Цэнгэл,65,Гомбо.Энхзул,17,19,19,17,18.0
Компьютерийн ухаан,Галсан.Баттөр,66,Лхам.Цэрэнпунцаг,15,11,11,12,12.2
Программ хангамж,Норов.Батзориг,67,Гомбо.Энхзул,14,18,17,19,17.0
Мэдээллийн технологи,Дамба.Наранцэцэг,68,Нацаг.Отгонтөгс,18,19,20,19,19.0
Мультимедийн технологи,Нацаг.Мөнхзул,69,Бат.Мөнхбаяр,17,14,12,16,14.8
Мэдээллийн систем,Бямба.Доржготов,70,Гомбо.Нармандах,17,17,15,16,16.2
Компьютерийн ухаан,Ган.Ариунаа,71,Жигмэд.Гэрэлмаа,8,12,8,11,9.8
Программ хангамж,Шагдар.Буянтогтох,72,Санжаа.Дэлгэрцэцэг,20,16,18,16,17.5
Мэдээллийн технологи,Гомбо.Мөнхзул,73,Шагдар.Бадамсүрэн,18,20,18,14,17.5
Мультимедийн технологи,Энх.Ундрал,74,Цэрэн.Лундэнгийн,14,16,16,16,15.5
Мэдээллийн систем,Ринчин.Одгэрэл,75,Бямба.Алтансүх,18,19,15,18,17.5
Компьютерийн ухаан,Мөнх.Лувсанцэрэн,76,Галсан.Самбуу,17,18,18,19,18.0
Программ хангамж,Гомбо.Цэрэнпунцаг,77,Намдаг.Баттөр,17,17,18,18,17.5
Мэдээллийн технологи,Лхам.Туяа,78,Нацаг.Отгонтөгс,15,13,15,15,14.5
Мультимедийн технологи,Нацаг.Отгонбаяр,79,Гомбо.Нармандах,11,12,14,11,12.0
Мэдээллийн систем,Нацаг.Эрдэнэбат,80,Санжаа.Дэлгэрцэцэг,15,14,13,17,14.8
Компьютерийн ухаан,Дүгэр.Тамир,81,Содном.Нарантуяа,19,17,16,14,16.5
Программ хангамж,Пүрэв.Доржготов,82,Бямба.Алтансүх,14,13,14,11,13.0
Мэдээллийн технологи,Гэлэг.Дагиймаа,83,Шагдар.Бадамсүрэн,17,18,20,17,18.0
Мультимедийн технологи,Содном.Буянтогтох,84,Бат.Дэлгэрцэцэг,16,16,15,15,15.5
Мэдээллийн систем,Балдан.Баттөр,85,Энх.Амарсайхан,16,19,18,18,17.8
Компьютерийн ухаан,Нямаа.Орхон,86,Нар.Баттөр,14,14,19,17,16.0
Программ хангамж,Шагдар.Чойжилсүрэн,87,Гомбожав.Дэлгэрмаа,16,14,16,17,15.8
Мэдээллийн технологи,Ган.Баатарсүрэн,88,Санжаа.Дэлгэрцэцэг,16,15,16,18,16.2
Мультимедийн технологи,Дүгэр.Нармандах,89,Дорж.Жаргалсайхан,8,9,10,13,10.0
Мэдээллийн систем,Энх.Нямдорж,90,Энх.Мөнхтөр,15,13,11,11,12.5
Компьютерийн ухаан,Равжаа.Ариунболд,91,Намдаг.Гэндэнпэрэнлэй,18,19,19,14,17.5
Программ хангамж,Жигмэд.Сарантуяа,92,Галсан.Самбуу,13,16,16,16,15.2
Мэдээллийн технологи,Пүрэв.Бадамсүрэн,93,Бат.Дэлгэрцэцэг,13,12,9,11,11.2
Мультимедийн технологи,Нямаа.Оюунцэцэг,94,Энх.Мөнхтөр,12,14,13,15,13.5
Мэдээллийн систем,Энх.Буянтогтох,95,Нацаг.Отгонтөгс,13,13,19,14,14.8
Компьютерийн ухаан,Буян.Мэргэн,96,Галсан.Самбуу,17,15,13,16,15.2
Программ хангамж,Балдан.Баярсайхан,97,Жигмэд.Гэрэлмаа,15,11,12,12,12.5
Мэдээллийн технологи,Шагдар.Мөнхцэцэг,98,Галсан.Самбуу,15,15,13,17,15.0
Мультимедийн технологи,Дүгэр.Ганбаяр,99,Намдаг.Гэндэнпэрэнлэй,14,16,12,13,13.8
Мэдээллийн систем,Чулуун.Энхмандал,100,Содном.Нарантуяа,17,19,16,14,16.5
Компьютерийн ухаан,Намдаг.Оюунбилэг,101,Балдан.Дэмчигдорж,12,16,18,14,15.0
Программ хангамж,Нацаг.Цэнгэл,102,Намдаг.Баттөр,11,10,10,10,10.2
Мэдээллийн технологи,Дүгэр.Дулмаа,103,Балдан.Энхбат,15,18,18,18,17.2
Мультимедийн технологи,Ган.Ганцэцэг,104,Содном.Нарантуяа,14,15,16,16,15.2
Мэдээллийн систем,Жамбал.Зоригоо,105,Лхам.Цэрэнпунцаг,14,9,10,10,10.8
Компьютерийн ухаан,Жигмэд.Мөнхтулга,106,Дорж.Жаргалсайхан,18,15,16,15,16.0
Программ хангамж,Пүрэв.Мөнхбаяр,107,Содном.Ганболд,14,13,15,18,15.0
Мэдээллийн технологи,Буян.Цогтбаатар,108,Содном.Батсайхан,19,18,15,14,16.5
Мультимедийн технологи,Жамбал.Гунгаасүрэн,109,Санжаа.Дэлгэрцэцэг,17,18,17,14,16.5
Мэдээллийн систем,Жамбал.Алтансүх,110,Лхам.Цэрэнпунцаг,14,15,16,15,15.0
Компьютерийн ухаан,Норов.Бурмаа,111,Бямба.Алтансүх,19,18,16,19,18.0
Программ хангамж,Буян.Золо,112,Намдаг.Гэндэнпэрэнлэй,16,20,19,20,18.8
Мэдээллийн технологи,Санжаа.Лувсанцэрэн,113,Гомбожав.Дэлгэрмаа,15,14,19,14,15.5
Мультимедийн технологи,Чулуун.Дэлгэрбаяр,114,Лхам.Оюун,18,13,14,15,15.0
Мэдээллийн систем,Нар.Буянтогтох,115,Санжаа.Дэлгэрцэцэг,13,13,11,13,12.5
Компьютерийн ухаан,Бат.Энхбат,116,Мөнх.Нямдорж,16,17,17,20,17.5
Программ хангамж,Баатар.Баясгалан,117,Балдан.Дэмчигдорж,20,20,18,17,18.8
Мэдээллийн технологи,Энх.Ганболд,118,Цэрэн.Лундэнгийн,19,17,19,13,17.0
Мультимедийн технологи,Ган.Мөнхбаяр,119,Гомбо.Энхзул,8,13,14,12,11.8
Мэдээллийн систем,Жамбал.Мөнхтөр,120,Мөнх.Нямдорж,19,16,14,15,16.0
Компьютерийн ухаан,Галсан.Доржготов,121,Дорж.Орхон,14,18,19,17,17.0
Программ хангамж,Цэвэл.Энхзул,122,Балдан.Дэмчигдорж,14,15,19,16,16.0
Мэдээллийн технологи,Гэлэг.Батчимэг,123,Энх.Амарсайхан,19,17,17,18,17.8
Мультимедийн технологи,Жамц.Нандин,124,Лхам.Оюун,18,16,14,17,16.2
Мэдээллийн систем,Ринчин.Жаргалсайхан,125,Лхам.Цэрэнпунцаг,14,14,15,19,15.5
Компьютерийн ухаан,Цэрэн.Хишигдэлэг,126,Ринчин.Батзориг,19,17,14,15,16.2
Программ хангамж,Лхам.Нямдорж,127,Ринчин.Батзориг,18,17,19,14,17.0
Мэдээллийн технологи,Чулуун.Бат-Эрдэнэ,128,Сүрэн.Гэрэлтуяа,16,19,18,20,18.2
Мультимедийн технологи,Жамц.Буянтогтох,129,Бямба.Алтансүх,16,16,14,16,15.5
Мэдээллийн систем,Нацаг.Батчимэг,130,Балдан.Дэмчигдорж,18,20,20,18,19.0
Компьютерийн ухаан,Сүрэн.Баяртөгс,131,Жигмэд.Гэрэлмаа,15,14,18,15,15.5
Программ хангамж,Дорж.Лувсанцэрэн,132,Жигмэд.Цэдэндамба,19,17,16,19,17.8
Мэдээллийн технологи,Лодой.Одгэрэл,133,Галсан.Самбуу,18,17,16,14,16.2
Мультимедийн технологи,Нацаг.Гэрэлтуяа,134,Бат.Дэлгэрцэцэг,12,14,13,20,14.8
Мэдээллийн систем,Дамба.Энхтуяа,135,Балдан.Дэмчигдорж,18,17,16,15,16.5
Компьютерийн ухаан,Гэлэг.Батмөнх,136,Лодой.Хулан,18,20,19,15,18.0
Программ хангамж,Санжаа.Ариунаа,137,Жигмэд.Гэрэлмаа,13,17,18,17,16.2
Мэдээллийн технологи,Гэлэг.Орхон,138,Бат.Дэлгэрцэцэг,13,12,8,13,11.5
Мультимедийн технологи,Баатар.Нарандэлгэр,139,Галсан.Самбуу,15,18,16,17,16.5
Мэдээллийн систем,Шагдар.Нармандах,140,Дорж.Жаргалсайхан,10,15,14,10,12.2
Компьютерийн ухаан,Галсан.Хуягбаатар,141,Бат.Мөнхбаяр,19,16,17,18,17.5
Программ хангамж,Бат.Золо,142,Бат.Дэлгэрцэцэг,12,13,13,11,12.2
Мэдээллийн технологи,Буян.Ариунаа,143,Гомбо.Энхзул,8,9,14,12,10.8
Мультимедийн технологи,Лодой.Мөнхцэцэг,144,Галсан.Энхзул,11,14,13,9,11.8
Мэдээллийн систем,Санжаа.Мөнхтулга,145,Гомбо.Нармандах,19,20,20,18,19.2
Компьютерийн ухаан,Санжаа.Одгэрэл,146,Балдан.Энхбат,14,15,18,15,15.5
Программ хангамж,Гэлэг.Баяртөгс,147,Балдан.Ундрал,16,15,12,17,15.0
Мэдээллийн технологи,Жамц.Баясгалан,148,Сүрэн.Гэрэлтуяа,11,15,12,13,12.8
Мультимедийн технологи,Нямаа.Энхмандал,149,Нацаг.Отгонтөгс,14,15,19,17,16.2
Мэдээллийн систем,Ринчин.Орхон,150,Ринчин.Батзориг,19,18,17,18,18.0
Компьютерийн ухаан,Равжаа.Мөнхтулга,151,Лхам.Оюун,19,16,15,15,16.2
Программ хангамж,Нар.Цэрэн,152,Ринчин.Батзориг,13,13,14,15,13.8
Мэдээллийн технологи,Дорж.Наранцэцэг,153,Лодой.Хулан,20,20,18,18,19.0
Мультимедийн технологи,Чулуун.Цэнгэл,154,Содном.Батсайхан,14,12,13,10,12.2
Мэдээллийн систем,Бат.Алтансүх,155,Содном.Ганболд,14,17,19,16,16.5
Компьютерийн ухаан,Нар.Нандин,156,Бат.Мөнхбаяр,15,16,15,16,15.5
Программ хангамж,Бат.Гэрэл,157,Содном.Нарантуяа,17,17,20,14,17.0
Мэдээллийн технологи,Санжаа.Орхон,158,Намдаг.Гэндэнпэрэнлэй,15,14,20,19,17.0
Мультимедийн технологи,Энх.Эрдэнэбат,159,Намдаг.Гэндэнпэрэнлэй,12,11,10,11,11.0
Мэдээллийн систем,Энх.Мөнхтулга,160,Цэрэн.Лундэнгийн,19,19,19,19,19.0
Компьютерийн ухаан,Намдаг.Золо,161,Шагдар.Бадамсүрэн,14,14,14,17,14.8
Программ хангамж,Дорж.Дэлгэрцэцэг,162,Шагдар.Бадамсүрэн,19,17,16,13,16.2
Мэдээллийн технологи,Галсан.Дулмаа,163,Галсан.Энхзул,16,20,16,15,16.8
Мультимедийн технологи,Чулуун.Отгонтөгс,164,Бат.Мөнхбаяр,9,11,14,10,11.0
Мэдээллийн систем,Лодой.Гэндэнпэрэнлэй,165,Содном.Ганболд,10,11,8,10,9.8
Компьютерийн ухаан,Цэвэл.Баясгалан,166,Гомбо.Энхзул,16,17,19,20,18.0
Программ хангамж,Дүгэр.Хишигдэлэг,167,Гомбожав.Дэлгэрмаа,16,13,17,16,15.5
Мэдээллийн технологи,Жигмэд.Лувсанцэрэн,168,Нацаг.Отгонтөгс,19,16,16,20,17.8
Мультимедийн технологи,Мөнх.Цэнгэл,169,Бат.Мөнхбаяр,18,16,15,15,16.0
Мэдээллийн систем,Санжаа.Цэцэгмаа,170,Санжаа.Дэлгэрцэцэг,14,16,16,20,16.5
Компьютерийн ухаан,Дамба.Золзаяа,171,Баатар.Мөнхтулга,20,20,20,17,19.2
Программ хангамж,Санжаа.Бат-Эрдэнэ,172,Галсан.Самбуу,18,19,18,13,17.0
Мэдээллийн технологи,Бямба.Наранцэцэг,173,Бямба.Алтансүх,14,16,19,16,16.2
Мультимедийн технологи,Баатар.Гэрэлмаа,174,Галсан.Самбуу,14,17,15,15,15.2
Мэдээллийн систем,Дорж.Дулмаа,175,Энх.Мөнхтөр,11,14,13,14,13.0
Компьютерийн ухаан,Мөнх.Мөнхтулга,176,Балдан.Ундрал,14,11,16,17,14.5
Программ хангамж,Балдан.Мандхай,177,Шагдар.Бадамсүрэн,15,14,13,16,14.5
Мэдээллийн технологи,Норов.Наранцэцэг,178,Содном.Батсайхан,13,14,14,13,13.5
Мультимедийн технологи,Санжаа.Лундэнгийн,179,Лхам.Цэрэнпунцаг,12,14,14,17,14.2
Мэдээллийн систем,Жамц.Цэнд,180,Цэрэн.Лундэнгийн,13,16,11,9,12.2
Компьютерийн ухаан,Лхам.Баатарсүрэн,181,Галсан.Энхзул,19,20,20,17,19.0
Программ хангамж,Шагдар.Батсайхан,182,Цэрэн.Лхагвасүрэн,14,16,17,17,16.0
Мэдээллийн технологи,Жигмэд.Хурц,183,Бямба.Алтансүх,16,15,15,17,15.8
Мультимедийн технологи,Энх.Лувсанцэрэн,184,Жигмэд.Цэдэндамба,11,13,16,16,14.0
Мэдээллийн систем,Шагдар.Баяраа,185,Гомбо.Энхзул,12,15,16,16,14.8
Компьютерийн ухаан,Нацаг.Хурц,186,Намдаг.Гэндэнпэрэнлэй,16,14,15,16,15.2
Программ хангамж,Дамба.Мөнхтөр,187,Содном.Нарантуяа,14,11,13,13,12.8
Мэдээллийн технологи,Пүрэв.Нандинцэцэг,188,Содном.Ганболд,18,17,17,20,18.0
Мультимедийн технологи,Цэрэн.Цэнгэл,189,Нацаг.Отгонтөгс,15,14,14,8,12.8
Мэдээллийн систем,Нямаа.Тунгалаг,190,Нар.Баттөр,18,20,19,13,17.5
Компьютерийн ухаан,Галсан.Буянтогтох,191,Нацаг.Отгонтөгс,14,14,18,16,15.5
Программ хангамж,Баатар.Баттөр,192,Гомбо.Нармандах,17,18,14,17,16.5
Мэдээллийн технологи,Равжаа.Гунгаасүрэн,193,Энх.Амарсайхан,16,18,19,18,17.8
Мультимедийн технологи,Нацаг.Цэрэн,194,Энх.Мөнхтөр,14,15,17,14,15.0
Мэдээллийн систем,Гомбо.Ганбаяр,195,Гомбожав.Дэлгэрмаа,17,14,15,16,15.5
Компьютерийн ухаан,Лодой.Цэнд,196,Намдаг.Гэндэнпэрэнлэй,20,18,16,16,17.5
Программ хангамж,Баатар.Цэрэн,197,Балдан.Дэмчигдорж,13,14,14,18,14.8
Мэдээллийн технологи,Лхам.Солонго,198,Лхам.Цэрэнпунцаг,16,18,17,15,16.5
Мультимедийн технологи,Жамбал.Хурц,199,Бямба.Алтансүх,16,18,19,14,16.8
Мэдээллийн систем,Норов.Ариунболд,200,Мөнх.Нямдорж,15,17,16,16,16.0
Компьютерийн ухаан,Нямаа.Буянтогтох,201,Мөнх.Нямдорж,12,15,14,15,14.0
Программ хангамж,Гомбожав.Алтансүх,202,Балдан.Дэмчигдорж,15,14,14,18,15.2
Мэдээллийн технологи,Содном.Батхүү,203,Бат.Дэлгэрцэцэг,16,17,17,20,17.5
Мультимедийн технологи,Баатар.Дашдорж,204,Галсан.Энхзул,18,17,17,14,16.5
Мэдээллийн систем,Дамба.Туяа,205,Лхам.Оюун,17,15,19,16,16.8
Компьютерийн ухаан,Намдаг.Цэнд,206,Энх.Мөнхтөр,15,16,17,15,15.8
Программ хангамж,Лодой.Бат-Эрдэнэ,207,Гомбо.Нармандах,17,14,17,15,15.8
Мэдээллийн технологи,Нар.Дэлгэрбаяр,208,Гомбо.Энхзул,10,9,13,13,11.2
Мультимедийн технологи,Гэлэг.Хишигдэлэг,209,Энх.Мөнхтөр,16,19,16,19,17.5
Мэдээллийн систем,Санжаа.Нямгэрэл,210,Бат.Мөнхбаяр,9,12,8,11,10.0
Компьютерийн ухаан,Нацаг.Самбуу,211,Ринчин.Батзориг,12,10,8,14,11.0
Программ хангамж,Гомбожав.Тэмүүлэн,212,Бямба.Алтансүх,18,16,19,19,18.0
Мэдээллийн технологи,Норов.Баттөр,213,Жигмэд.Гэрэлмаа,16,16,18,15,16.2
Мультимедийн технологи,Шагдар.Мөнхжаргал,214,Лхам.Оюун,13,12,15,10,12.5
Мэдээллийн систем,Баатар.Дэлгэрцэцэг,215,Дорж.Жаргалсайхан,16,16,17,15,16.0
Компьютерийн ухаан,Жигмэд.Мэргэн,216,Содном.Нарантуяа,18,13,18,16,16.2
Программ хангамж,Нямаа.Пүрэвдорж,217,Шагдар.Бадамсүрэн,16,17,17,18,17.0
Мэдээллийн технологи,Жамбал.Одгэрэл,218,Дорж.Жаргалсайхан,16,19,14,16,16.2
Мультимедийн технологи,Нямаа.Дулмаа,219,Нацаг.Отгонтөгс,13,17,14,15,14.8
Мэдээллийн систем,Содном.Цэнгэл,220,Санжаа.Дэлгэрцэцэг,11,10,11,11,10.8
Компьютерийн ухаан,Дүгэр.Солонго,221,Галсан.Энхзул,16,17,18,17,17.0
Программ хангамж,Жамц.Оюунцэцэг,222,Балдан.Энхбат,20,16,18,16,17.5
Мэдээллийн технологи,Буян.Нармандах,223,Лхам.Оюун,19,18,19,18,18.5
Мультимедийн технологи,Лодой.Тамир,224,Энх.Мөнхтөр,16,16,16,16,16.0
Мэдээллийн систем,Жамбал.Дулмаа,225,Содном.Батсайхан,15,12,13,10,12.5
Компьютерийн ухаан,Цэрэн.Равдан,226,Дорж.Орхон,10,14,14,10,12.0
Программ хангамж,Бат.Батчимэг,227,Ринчин.Батзориг,16,17,15,15,15.8
Мэдээллийн технологи,Гомбо.Нандинцэцэг,228,Лодой.Хулан,11,14,8,8,10.2
Мультимедийн технологи,Лхам.Гэндэнпэрэнлэй,229,Содном.Батсайхан,14,12,13,18,14.2
Мэдээллийн систем,Ринчин.Хишигдэлэг,230,Сүрэн.Гэрэлтуяа,17,16,18,18,17.2
Компьютерийн ухаан,Балдан.Батчимэг,231,Энх.Мөнхтөр,18,15,20,17,17.5
Программ хангамж,Пүрэв.Отгонтөгс,232,Нар.Баттөр,12,11,16,9,12.0
Мэдээллийн технологи,Ринчин.Нармандах,233,Намдаг.Баттөр,16,16,15,15,15.5
Мультимедийн технологи,Норов.Баяртөгс,234,Мөнх.Нямдорж,19,16,20,18,18.2
Мэдээллийн систем,Бямба.Цэрэнпунцаг,235,Жигмэд.Гэрэлмаа,7,11,14,14,11.5
Компьютерийн ухаан,Баатар.Чойжилсүрэн,236,Энх.Амарсайхан,13,12,10,13,12.0
Программ хангамж,Санжаа.Дагиймаа,237,Бат.Мөнхбаяр,17,20,15,17,17.2
Мэдээллийн технологи,Дүгэр.Гантулга,238,Лодой.Хулан,15,12,18,15,15.0
Мультимедийн технологи,Дорж.Нандинцэцэг,239,Балдан.Энхбат,18,15,17,16,16.5
Мэдээллийн систем,Жамбал.Туяа,240,Галсан.Самбуу,18,16,17,12,15.8
Компьютерийн ухаан,Лодой.Батсайхан,241,Галсан.Энхзул,15,15,19,14,15.8
Программ хангамж,Цэвэл.Мэргэн,242,Энх.Мөнхтөр,15,16,15,16,15.5
Мэдээллийн технологи,Лодой.Энхмандал,243,Намдаг.Баттөр,19,14,17,18,17.0
Мультимедийн технологи,Цэрэн.Нандин,244,Гомбо.Энхзул,14,14,17,16,15.2
Мэдээллийн систем,Энх.Зундуй,245,Бямба.Алтансүх,18,17,13,15,15.8
Компьютерийн ухаан,Нацаг.Ариунаа,246,Цэрэн.Лундэнгийн,15,20,16,18,17.2
Программ хангамж,Ган.Гэрэл,247,Нацаг.Отгонтөгс,16,13,12,18,14.8
Мэдээллийн технологи,Шагдар.Амарсайхан,248,Баатар.Мөнхтулга,16,14,16,18,16.0
Мультимедийн технологи,Гэлэг.Одгэрэл,249,Бат.Дэлгэрцэцэг,14,13,13,12,13.0
Мэдээллийн систем,Санжаа.Намсрай,250,Ринчин.Батзориг,17,16,18,13,16.0
Компьютерийн ухаан,Баатар.Бурмаа,251,Балдан.Энхбат,11,11,10,11,10.8
Программ хангамж,Лхам.Лундэнгийн,252,Нацаг.Отгонтөгс,14,14,13,11,13.0
Мэдээллийн технологи,Дүгэр.Баясгалан,253,Лхам.Цэрэнпунцаг,15,13,16,16,15.0
Мультимедийн технологи,Бат.Болд,254,Лхам.Цэрэнпунцаг,18,17,13,15,15.8
Мэдээллийн систем,Ринчин.Гэрэл,255,Энх.Амарсайхан,13,19,16,15,15.8
Компьютерийн ухаан,Норов.Намсрай,256,Энх.Мөнхтөр,19,16,17,19,17.8
Программ хангамж,Пүрэв.Гэрэлмаа,257,Галсан.Энхзул,20,18,20,20,19.5
Мэдээллийн технологи,Жигмэд.Баярсайхан,258,Лхам.Оюун,19,17,15,13,16.0
Мультимедийн технологи,Галсан.Ундрал,259,Бат.Мөнхбаяр,14,15,19,13,15.2
Мэдээллийн систем,Чулуун.Лувсанцэрэн,260,Энх.Мөнхтөр,19,19,18,20,19.0
Компьютерийн ухаан,Жамбал.Тунгалаг,261,Галсан.Энхзул,20,12,20,17,17.2
Программ хангамж,Гэлэг.Туяа,262,Мөнх.Нямдорж,11,10,16,12,12.2
Мэдээллийн технологи,Гэлэг.Тунгалаг,263,Ринчин.Батзориг,15,18,16,17,16.5
Мультимедийн технологи,Нямаа.Равдан,264,Энх.Мөнхтөр,13,19,15,14,15.2
Мэдээллийн систем,Жамц.Золзаяа,265,Лхам.Цэрэнпунцаг,17,13,15,17,15.5
Компьютерийн ухаан,Шагдар.Ариунболд,266,Гомбо.Энхзул,16,18,19,19,18.0
Программ хангамж,Пүрэв.Сарантуяа,267,Содном.Ганболд,20,17,20,18,18.8
Мэдээллийн технологи,Гомбо.Дамдинсүрэн,268,Дорж.Орхон,17,16,15,13,15.2
Мультимедийн технологи,Нацаг.Бат-Эрдэнэ,269,Бямба.Алтансүх,16,16,15,13,15.0
Мэдээллийн систем,Ринчин.Хурц,270,Содном.Батсайхан,18,14,19,17,17.0
Компьютерийн ухаан,Ринчин.Золо,271,Гомбо.Энхзул,10,11,16,13,12.5
Программ хангамж,Гэлэг.Баяраа,272,Жигмэд.Цэдэндамба,16,19,13,15,15.8
Мэдээллийн технологи,Содном.Энхзул,273,Бат.Мөнхбаяр,17,20,16,18,17.8
Мультимедийн технологи,Жамц.Хишигдэлэг,274,Галсан.Энхзул,15,13,13,18,14.8
Мэдээллийн систем,Нар.Оюунцэцэг,275,Мөнх.Нямдорж,20,20,20,19,19.8
Компьютерийн ухаан,Балдан.Халиун,276,Содном.Нарантуяа,19,15,19,14,16.8
Программ хангамж,Нацаг.Оюун,277,Дорж.Орхон,12,12,12,11,11.8
Мэдээллийн технологи,Дорж.Энхтуяа,278,Балдан.Энхбат,16,16,15,17,16.0
Мультимедийн технологи,Жигмэд.Бурмаа,279,Гомбожав.Дэлгэрмаа,17,13,18,14,15.5
Мэдээллийн систем,Цэрэн.Нандинцэцэг,280,Содном.Батсайхан,15,17,20,19,17.8
Компьютерийн ухаан,Чулуун.Самбуу,281,Галсан.Энхзул,15,17,12,16,15.0
Программ хангамж,Цэрэн.Оюунцэцэг,282,Лхам.Оюун,12,17,14,15,14.5
Мэдээллийн технологи,Цэрэн.Батсайхан,283,Намдаг.Гэндэнпэрэнлэй,11,9,9,16,11.2
Мультимедийн технологи,Сүрэн.Туяа,284,Бямба.Алтансүх,18,15,17,18,17.0
Мэдээллийн систем,Нацаг.Алтансүх,285,Лхам.Цэрэнпунцаг,20,20,20,17,19.2
Компьютерийн ухаан,Дорж.Баяртөгс,286,Шагдар.Бадамсүрэн,15,16,19,15,16.2
Программ хангамж,Нямаа.Болд,287,Балдан.Ундрал,15,17,15,18,16.2
Мэдээллийн технологи,Сүрэн.Ариунболд,288,Дорж.Жаргалсайхан,17,13,17,15,15.5
Мультимедийн технологи,Жамбал.Буянтогтох,289,Содном.Ганболд,13,14,19,17,15.8
Мэдээллийн систем,Гомбо.Мөнхцэцэг,290,Балдан.Ундрал,15,19,16,15,16.2
Компьютерийн ухаан,Жамц.Баттөр,291,Жигмэд.Цэдэндамба,14,17,14,15,15.0
Программ хангамж,Жамбал.Батсайхан,292,Лодой.Хулан,10,12,16,13,12.8
Мэдээллийн технологи,Жигмэд.Дэлгэрцэцэг,293,Лхам.Оюун,20,18,20,20,19.5
Мультимедийн технологи,Буян.Лундэнгийн,294,Намдаг.Баттөр,18,20,16,19,18.2
Мэдээллийн систем,Санжаа.Хулан,295,Лодой.Хулан,18,19,20,17,18.5
Компьютерийн ухаан,Лхам.Нандинцэцэг,296,Лодой.Хулан,16,16,16,15,15.8
Программ хангамж,Содном.Хурц,297,Гомбо.Энхзул,15,9,15,13,13.0
Мэдээллийн технологи,Нацаг.Орхон,298,Содном.Ганболд,13,15,18,17,15.8
Мультимедийн технологи,Нацаг.Мандхай,299,Бат.Дэлгэрцэцэг,18,20,17,19,18.5
Мэдээллийн систем,Лхам.Нямгэрэл,300,Галсан.Самбуу,15,17,13,16,15.2
Компьютерийн ухаан,Жамбал.Батчимэг,301,Баатар.Мөнхтулга,14,15,15,18,15.5
Программ хангамж,Нямаа.Ганболд,302,Энх.Мөнхтөр,18,15,19,15,16.8
Мэдээллийн технологи,Содном.Отгонбаяр,303,Лхам.Оюун,11,16,16,15,14.5
Мультимедийн технологи,Ган.Бат-Эрдэнэ,304,Санжаа.Дэлгэрцэцэг,18,14,16,15,15.8
Мэдээллийн систем,Цэрэн.Ганбаяр,305,Жигмэд.Гэрэлмаа,18,13,15,16,15.5
Компьютерийн ухаан,Энх.Оюун,306,Энх.Амарсайхан,17,14,13,16,15.0
Программ хангамж,Намдаг.Цэцэгдэлгэр,307,Содном.Нарантуяа,19,15,15,15,16.0
Мэдээллийн технологи,Пүрэв.Намсрай,308,Бямба.Алтансүх,15,14,14,18,15.2
Мультимедийн технологи,Бат.Дэлгэрмаа,309,Цэрэн.Лхагвасүрэн,16,18,17,17,17.0
Мэдээллийн систем,Содном.Мөнхзул,310,Ринчин.Батзориг,10,11,12,11,11.0
Компьютерийн ухаан,Сүрэн.Баясгалан,311,Бат.Мөнхбаяр,17,16,18,16,16.8
Программ хангамж,Жамц.Гэрэл,312,Шагдар.Бадамсүрэн,16,16,17,16,16.2
Мэдээллийн технологи,Гомбожав.Оюунбилэг,313,Галсан.Энхзул,15,11,12,9,11.8
Мультимедийн технологи,Цэрэн.Гантулга,314,Намдаг.Баттөр,18,13,15,15,15.2
Мэдээллийн систем,Жигмэд.Хишигдэлэг,315,Дорж.Жаргалсайхан,17,13,15,15,15.0
Компьютерийн ухаан,Жамц.Солонго,316,Гомбо.Нармандах,20,20,19,17,19.0
Программ хангамж,Гомбожав.Чойжилсүрэн,317,Баатар.Мөнхтулга,13,14,14,18,14.8
Мэдээллийн технологи,Содном.Оюунбилэг,318,Нар.Баттөр,16,20,18,16,17.5
Мультимедийн технологи,Баатар.Оюунбилэг,319,Лхам.Цэрэнпунцаг,20,20,19,20,19.8
Мэдээллийн систем,Равжаа.Лхагвасүрэн,320,Цэрэн.Лундэнгийн,15,16,16,16,15.8
Компьютерийн ухаан,Балдан.Дэлгэрмаа,321,Энх.Амарсайхан,14,16,18,17,16.2
Программ хангамж,Пүрэв.Туяа,322,Шагдар.Бадамсүрэн,19,12,15,15,15.2
Мэдээллийн технологи,Цэрэн.Ганцэцэг,323,Бат.Мөнхбаяр,18,13,14,14,14.8
Мультимедийн технологи,Дамба.Нарандэлгэр,324,Шагдар.Бадамсүрэн,15,14,10,10,12.2
Мэдээллийн систем,Равжаа.Эрдэнэбат,325,Намдаг.Гэндэнпэрэнлэй,20,20,18,15,18.2
Компьютерийн ухаан,Лодой.Батмөнх,326,Цэрэн.Лундэнгийн,15,12,13,18,14.5
Программ хангамж,Ган.Гантулга,327,Содном.Нарантуяа,14,13,12,11,12.5
Мэдээллийн технологи,Жамц.Оюунбилэг,328,Мөнх.Нямдорж,19,18,18,20,18.8
Мультимедийн технологи,Равжаа.Баяртөгс,329,Лхам.Цэрэнпунцаг,18,16,18,15,16.8
Мэдээллийн систем,Мөнх.Мэргэн,330,Жигмэд.Гэрэлмаа,16,20,19,18,18.2
Компьютерийн ухаан,Гомбо.Жаргалсайхан,331,Гомбо.Энхзул,17,15,17,16,16.2
Программ хангамж,Дорж.Пүрэвдорж,332,Галсан.Самбуу,18,14,16,15,15.8
Мэдээллийн технологи,Чулуун.Мандхай,333,Намдаг.Гэндэнпэрэнлэй,19,15,14,16,16.0
Мультимедийн технологи,Гомбожав.Баясгалан,334,Гомбо.Нармандах,19,19,16,14,17.0
Мэдээллийн систем,Нар.Болд,335,Шагдар.Бадамсүрэн,13,15,14,19,15.2
Компьютерийн ухаан,Намдаг.Зоригоо,336,Намдаг.Баттөр,17,14,19,14,16.0
Программ хангамж,Чулуун.Зундуй,337,Лхам.Оюун,14,12,16,18,15.0
Мэдээллийн технологи,Бямба.Эрдэнэбат,338,Галсан.Самбуу,17,17,17,16,16.8
Мультимедийн технологи,Бат.Оюунцэцэг,339,Галсан.Самбуу,11,17,14,11,13.2
Мэдээллийн систем,Норов.Дэлгэрмаа,340,Жигмэд.Гэрэлмаа,19,14,16,17,16.5
Компьютерийн ухаан,Гомбо.Батчимэг,341,Содном.Батсайхан,18,16,16,14,16.0
Программ хангамж,Балдан.Одгэрэл,342,Санжаа.Дэлгэрцэцэг,20,16,16,18,17.5
Мэдээллийн технологи,Жигмэд.Эрдэнэбат,343,Энх.Амарсайхан,20,19,15,14,17.0
Мультимедийн технологи,Бямба.Энхтөр,344,Санжаа.Дэлгэрцэцэг,15,17,16,20,17.0
Мэдээллийн систем,Галсан.Ганбаяр,345,Лхам.Оюун,12,15,14,13,13.5
Компьютерийн ухаан,Равжаа.Зундуй,346,Дорж.Жаргалсайхан,19,17,18,18,18.0
Программ хангамж,Цэвэл.Цэнгэл,347,Содном.Ганболд,19,19,20,19,19.2
Мэдээллийн технологи,Балдан.Цэцэгдэлгэр,348,Мөнх.Нямдорж,14,14,14,12,13.5
Мультимедийн технологи,Шагдар.Батхүү,349,Гомбожав.Дэлгэрмаа,18,14,17,15,16.0
Мэдээллийн систем,Ган.Оюун,350,Бат.Дэлгэрцэцэг,17,14,16,12,14.8
Компьютерийн ухаан,Дамба.Хишигдэлэг,351,Сүрэн.Гэрэлтуяа,19,14,14,14,15.2
Программ хангамж,Жамбал.Гэрэл,352,Гомбо.Энхзул,14,13,11,9,11.8
Мэдээллийн технологи,Санжаа.Хурц,353,Галсан.Энхзул,13,13,13,17,14.0
Мультимедийн технологи,Шагдар.Нарантуяа,354,Энх.Мөнхтөр,16,18,16,14,16.0
Мэдээллийн систем,Галсан.Цэнд,355,Лхам.Цэрэнпунцаг,18,17,17,20,18.0
Компьютерийн ухаан,Норов.Бат-Эрдэнэ,356,Намдаг.Баттөр,16,16,20,17,17.2
Программ хангамж,Жамбал.Бадамсүрэн,357,Санжаа.Дэлгэрцэцэг,13,19,18,15,16.2
Мэдээллийн технологи,Жамбал.Самбуу,358,Гомбо.Нармандах,17,14,16,17,16.0
Мультимедийн технологи,Санжаа.Хишигдэлэг,359,Гомбо.Энхзул,20,16,19,16,17.8
Мэдээллийн систем,Ринчин.Намсрай,360,Мөнх.Нямдорж,17,12,13,14,14.0
Компьютерийн ухаан,Сүрэн.Хуягбаатар,361,Бат.Дэлгэрцэцэг,20,20,19,17,19.0
Программ хангамж,Санжаа.Золзаяа,362,Жигмэд.Гэрэлмаа,13,15,15,16,14.8
Мэдээллийн технологи,Дорж.Гэрэлмаа,363,Энх.Мөнхтөр,15,18,18,16,16.8
Мультимедийн технологи,Дорж.Алтансүх,364,Лодой.Хулан,16,15,14,20,16.2
Мэдээллийн систем,Дамба.Цэцэгмаа,365,Лодой.Хулан,15,16,17,17,16.2
Компьютерийн ухаан,Сүрэн.Нандин,366,Ринчин.Батзориг,11,15,11,13,12.5
Программ хангамж,Цэвэл.Ганбаяр,367,Лхам.Цэрэнпунцаг,13,11,12,12,12.0
Мэдээллийн технологи,Дүгэр.Номин,368,Балдан.Энхбат,16,17,13,18,16.0
Мультимедийн технологи,Гэлэг.Ариунаа,369,Балдан.Энхбат,18,14,14,17,15.8
Мэдээллийн систем,Жамбал.Халиун,370,Жигмэд.Гэрэлмаа,13,15,10,13,12.8
Компьютерийн ухаан,Цэрэн.Наранцэцэг,371,Ринчин.Батзориг,14,16,15,19,16.0
Программ хангамж,Жамц.Цэцэгмаа,372,Лхам.Оюун,14,16,20,14,16.0
Мэдээллийн технологи,Чулуун.Солонго,373,Балдан.Ундрал,17,15,14,18,16.0
Мультимедийн технологи,Дүгэр.Мөнхцэцэг,374,Нар.Баттөр,16,16,19,14,16.2
Мэдээллийн систем,Сүрэн.Нарантуяа,375,Содном.Нарантуяа,17,20,20,19,19.0
Компьютерийн ухаан,Намдаг.Энхбат,376,Дорж.Орхон,19,13,16,16,16.0
Программ хангамж,Санжаа.Тунгалаг,377,Баатар.Мөнхтулга,19,15,15,16,16.2
Мэдээллийн технологи,Дамба.Отгонтөгс,378,Санжаа.Дэлгэрцэцэг,20,16,16,19,17.8
Мультимедийн технологи,Дорж.Санжаасүрэн,379,Ринчин.Батзориг,19,20,18,17,18.5
Мэдээллийн систем,Бямба.Пүрэвдорж,380,Содном.Нарантуяа,11,11,10,11,10.8
Компьютерийн ухаан,Содном.Дэлгэрмаа,381,Лхам.Цэрэнпунцаг,16,17,17,15,16.2
Программ хангамж,Гэлэг.Нандинцэцэг,382,Балдан.Ундрал,17,16,16,17,16.5
Мэдээллийн технологи,Цэвэл.Буянтогтох,383,Цэрэн.Лундэнгийн,17,17,16,14,16.0
Мультимедийн технологи,Санжаа.Ганцэцэг,384,Намдаг.Гэндэнпэрэнлэй,10,12,12,12,11.5
Мэдээллийн систем,Бямба.Дэлгэрмаа,385,Галсан.Самбуу,19,15,15,17,16.5
Компьютерийн ухаан,Бямба.Дэлгэрбаяр,386,Галсан.Самбуу,19,14,16,15,16.0
Программ хангамж,Содном.Оюунцэцэг,387,Дорж.Орхон,13,9,11,12,11.2
Мэдээллийн технологи,Жигмэд.Нандин,388,Нар.Баттөр,19,17,13,16,16.2
Мультимедийн технологи,Ринчин.Нарандэлгэр,389,Шагдар.Бадамсүрэн,17,16,17,20,17.5
Мэдээллийн систем,Цэвэл.Отгонтөгс,390,Дорж.Жаргалсайхан,15,17,19,16,16.8
Компьютерийн ухаан,Буян.Одгэрэл,391,Содном.Нарантуяа,15,14,15,19,15.8
Программ хангамж,Балдан.Гэрэлтуяа,392,Намдаг.Гэндэнпэрэнлэй,16,16,16,16,16.0
Мэдээллийн технологи,Нар.Цогтбаатар,393,Жигмэд.Цэдэндамба,17,20,20,19,19.0
Мультимедийн технологи,Мөнх.Гэрэлтуяа,394,Гомбо.Энхзул,20,13,16,17,16.5
Мэдээллийн систем,Жамц.Мандхай,395,Балдан.Энхбат,15,14,13,18,15.0
Компьютерийн ухаан,Галсан.Лхагвасүрэн,396,Содном.Нарантуяа,17,16,13,16,15.5
Программ хангамж,Шагдар.Бат-Эрдэнэ,397,Санжаа.Дэлгэрцэцэг,19,19,15,14,16.8
Мэдээллийн технологи,Галсан.Гэндэнпэрэнлэй,398,Нар.Баттөр,12,8,9,15,11.0
Мультимедийн технологи,Гомбожав.Одонтуяа,399,Жигмэд.Гэрэлмаа,16,16,17,16,16.2
Мэдээллийн систем,Балдан.Орхон,400,Ринчин.Батзориг,17,15,17,19,17.0
Компьютерийн ухаан,Энх.Бадамсүрэн,401,Жигмэд.Гэрэлмаа,12,12,14,14,13.0
Программ хангамж,Цэрэн.Ганзориг,402,Лхам.Цэрэнпунцаг,16,20,20,19,18.8
Мэдээллийн технологи,Норов.Лувсанцэрэн,403,Бямба.Алтансүх,14,10,11,13,12.0
Мультимедийн технологи,Содном.Бадамсүрэн,404,Мөнх.Нямдорж,19,13,16,15,15.8
Мэдээллийн систем,Равжаа.Хишигдэлэг,405,Цэрэн.Лхагвасүрэн,20,16,17,18,17.8
Компьютерийн ухаан,Мөнх.Батчимэг,406,Нацаг.Отгонтөгс,11,13,13,11,12.0
Программ хангамж,Дамба.Нарантуяа,407,Бат.Дэлгэрцэцэг,17,17,17,20,17.8
Мэдээллийн технологи,Пүрэв.Ариунаа,408,Гомбожав.Дэлгэрмаа,14,19,17,18,17.0
Мультимедийн технологи,Бат.Цэнд,409,Гомбожав.Дэлгэрмаа,15,16,17,15,15.8
Мэдээллийн систем,Баатар.Равдан,410,Балдан.Дэмчигдорж,16,17,18,17,17.0
Компьютерийн ухаан,Гомбо.Гэрэлмаа,411,Содном.Нарантуяа,12,13,15,11,12.8
Программ хангамж,Лодой.Ариунаа,412,Содном.Батсайхан,19,15,16,18,17.0
Мэдээллийн технологи,Лхам.Мандхай,413,Гомбо.Энхзул,14,10,13,8,11.2
Мультимедийн технологи,Сүрэн.Дэлгэрмаа,414,Гомбожав.Дэлгэрмаа,16,13,14,14,14.2
Мэдээллийн систем,Нар.Алтансүх,415,Галсан.Энхзул,18,18,17,12,16.2
Компьютерийн ухаан,Шагдар.Равдан,416,Гомбожав.Дэлгэрмаа,16,16,17,19,17.0
Программ хангамж,Энх.Батчулуун,417,Дорж.Жаргалсайхан,11,13,17,11,13.0
Мэдээллийн технологи,Галсан.Ариунаа,418,Галсан.Энхзул,12,12,13,14,12.8
Мультимедийн технологи,Балдан.Батзориг,419,Содном.Нарантуяа,13,11,14,14,13.0
Мэдээллийн систем,Сүрэн.Наранцэцэг,420,Балдан.Энхбат,15,17,17,16,16.2
Компьютерийн ухаан,Дүгэр.Оюун,421,Санжаа.Дэлгэрцэцэг,20,15,17,17,17.2
Программ хангамж,Ган.Ганзориг,422,Галсан.Энхзул,20,16,18,17,17.8
Мэдээллийн технологи,Лодой.Орхон,423,Дорж.Жаргалсайхан,18,17,17,18,17.5
Мультимедийн технологи,Галсан.Тунгалаг,424,Содном.Нарантуяа,13,12,13,11,12.2
Мэдээллийн систем,Цэрэн.Доржготов,425,Нацаг.Отгонтөгс,10,12,9,16,11.8
Компьютерийн ухаан,Гомбожав.Нарантуяа,426,Намдаг.Гэндэнпэрэнлэй,15,16,18,15,16.0
Программ хангамж,Санжаа.Цэнгэл,427,Мөнх.Нямдорж,15,12,16,20,15.8
Мэдээллийн технологи,Лхам.Оюунбилэг,428,Сүрэн.Гэрэлтуяа,19,20,18,20,19.2
Мультимедийн технологи,Ринчин.Гунгаасүрэн,429,Ринчин.Батзориг,8,16,12,12,12.0
Мэдээллийн систем,Жамц.Пүрэвдорж,430,Лхам.Цэрэнпунцаг,18,13,16,14,15.2
Компьютерийн ухаан,Санжаа.Хуягбаатар,431,Энх.Амарсайхан,20,16,19,16,17.8
Программ хангамж,Бямба.Гунгаасүрэн,432,Бямба.Алтансүх,18,14,15,15,15.5
Мэдээллийн технологи,Сүрэн.Энхмандал,433,Гомбо.Энхзул,18,17,15,14,16.0
Мультимедийн технологи,Ринчин.Цэрэнпунцаг,434,Шагдар.Бадамсүрэн,13,14,13,16,14.0
Мэдээллийн систем,Ринчин.Цэцэгмаа,435,Мөнх.Нямдорж,11,16,14,10,12.8
Компьютерийн ухаан,Энх.Гэрэлтуяа,436,Санжаа.Дэлгэрцэцэг,18,16,19,20,18.2
Программ хангамж,Пүрэв.Мөнхзул,437,Содном.Нарантуяа,11,13,15,12,12.8
Мэдээллийн технологи,Цэвэл.Баттөр,438,Баатар.Мөнхтулга,14,18,17,14,15.8
Мультимедийн технологи,Чулуун.Гэрэлтуяа,439,Жигмэд.Гэрэлмаа,20,16,18,19,18.2
Мэдээллийн систем,Нацаг.Батчулуун,440,Лодой.Хулан,19,13,16,13,15.2
Компьютерийн ухаан,Пүрэв.Батзориг,441,Галсан.Энхзул,19,14,14,16,15.8
Программ хангамж,Балдан.Цэрэнпунцаг,442,Галсан.Самбуу,14,14,12,8,12.0
Мэдээллийн технологи,Ринчин.Нандин,443,Дорж.Орхон,11,10,10,12,10.8
Мультимедийн технологи,Балдан.Нарантуяа,444,Балдан.Дэмчигдорж,11,14,13,14,13.0
Мэдээллийн систем,Гэлэг.Мандхай,445,Гомбо.Энхзул,17,14,15,18,16.0
Компьютерийн ухаан,Цэрэн.Батчимэг,446,Гомбо.Нармандах,14,11,14,12,12.8
Программ хангамж,Мөнх.Энхзул,447,Цэрэн.Лхагвасүрэн,14,17,19,16,16.5
Мэдээллийн технологи,Мөнх.Нарандэлгэр,448,Галсан.Самбуу,19,15,16,16,16.5
Мультимедийн технологи,Гомбо.Энхбат,449,Шагдар.Бадамсүрэн,17,14,15,15,15.2
Мэдээллийн систем,Дүгэр.Дэлгэрбаяр,450,Нацаг.Отгонтөгс,18,15,13,16,15.5
Компьютерийн ухаан,Жамц.Дэлгэрбаяр,451,Гомбо.Нармандах,11,12,12,9,11.0
Программ хангамж,Гэлэг.Оюунцэцэг,452,Намдаг.Гэндэнпэрэнлэй,14,15,17,15,15.2
Мэдээллийн технологи,Дүгэр.Ариунаа,453,Галсан.Самбуу,11,13,13,12,12.2
Мультимедийн технологи,Гомбожав.Ганболд,454,Содном.Нарантуяа,16,14,16,17,15.8
Мэдээллийн систем,Гомбо.Отгонбаяр,455,Санжаа.Дэлгэрцэцэг,19,16,18,15,17.0
Компьютерийн ухаан,Жамбал.Энхтуяа,456,Цэрэн.Лундэнгийн,13,15,14,10,13.0
Программ хангамж,Санжаа.Нандинцэцэг,457,Содном.Нарантуяа,20,18,18,20,19.0
Мэдээллийн технологи,Лхам.Буянтогтох,458,Балдан.Энхбат,13,16,14,17,15.0
Мультимедийн технологи,Содном.Болд,459,Шагдар.Бадамсүрэн,12,8,10,13,10.8
Мэдээллийн систем,Санжаа.Номин,460,Жигмэд.Гэрэлмаа,19,18,14,15,16.5
Компьютерийн ухаан,Гомбожав.Цэрэн,461,Галсан.Самбуу,11,9,9,12,10.2
Программ хангамж,Гомбожав.Батсайхан,462,Жигмэд.Цэдэндамба,15,19,18,15,16.8
Мэдээллийн технологи,Намдаг.Батхүү,463,Баатар.Мөнхтулга,16,14,18,18,16.5
Мультимедийн технологи,Бат.Нямгэрэл,464,Лхам.Цэрэнпунцаг,15,19,20,16,17.5
Мэдээллийн систем,Намдаг.Гэрэлтуяа,465,Намдаг.Баттөр,16,19,20,19,18.5
Компьютерийн ухаан,Сүрэн.Оюунбилэг,466,Содном.Нарантуяа,18,12,16,17,15.8
Программ хангамж,Нар.Лувсандорж,467,Галсан.Самбуу,20,19,19,17,18.8
Мэдээллийн технологи,Балдан.Нандинцэцэг,468,Лхам.Цэрэнпунцаг,16,16,17,18,16.8
Мультимедийн технологи,Бат.Ундрал,469,Санжаа.Дэлгэрцэцэг,20,19,18,16,18.2
Мэдээллийн систем,Гомбожав.Санжаасүрэн,470,Дорж.Жаргалсайхан,16,14,15,20,16.2
Компьютерийн ухаан,Ринчин.Бат-Эрдэнэ,471,Энх.Амарсайхан,16,17,19,16,17.0
Программ хангамж,Ринчин.Ганбаяр,472,Нацаг.Отгонтөгс,17,14,18,18,16.8
Мэдээллийн технологи,Дүгэр.Одонтуяа,473,Дорж.Жаргалсайхан,16,14,17,15,15.5
Мультимедийн технологи,Нацаг.Бадамсүрэн,474,Сүрэн.Гэрэлтуяа,15,18,18,16,16.8
Мэдээллийн систем,Жамбал.Цогтбаатар,475,Сүрэн.Гэрэлтуяа,18,14,18,17,16.8
Компьютерийн ухаан,Содном.Мөнхтулга,476,Лхам.Цэрэнпунцаг,19,14,14,13,15.0
Программ хангамж,Бямба.Буянтогтох,477,Гомбо.Нармандах,19,13,15,15,15.5
Мэдээллийн технологи,Цэрэн.Ариунаа,478,Дорж.Жаргалсайхан,14,12,14,11,12.8
Мультимедийн технологи,Норов.Амарсайхан,479,Лхам.Оюун,13,14,16,18,15.2
Мэдээллийн систем,Намдаг.Нандин,480,Санжаа.Дэлгэрцэцэг,16,16,18,16,16.5
Компьютерийн ухаан,Намдаг.Мандхай,481,Содном.Нарантуяа,17,13,15,18,15.8
Программ хангамж,Гомбожав.Нандин,482,Балдан.Энхбат,18,15,18,17,17.0
Мэдээллийн технологи,Пүрэв.Амарсайхан,483,Намдаг.Гэндэнпэрэнлэй,15,20,20,19,18.5
Мультимедийн технологи,Пүрэв.Баатарсүрэн,484,Намдаг.Баттөр,18,15,16,16,16.2
Мэдээллийн систем,Нар.Мөнхжаргал,485,Энх.Амарсайхан,20,17,19,17,18.2
Компьютерийн ухаан,Гомбо.Цэцэгдэлгэр,486,Ринчин.Батзориг,15,13,15,16,14.8
Программ хангамж,Балдан.Отгонбаяр,487,Шагдар.Бадамсүрэн,18,20,15,13,16.5
Мэдээллийн технологи,Содном.Одгэрэл,488,Санжаа.Дэлгэрцэцэг,16,16,15,20,16.8
Мультимедийн технологи,Жамц.Цэрэнпунцаг,489,Мөнх.Нямдорж,18,20,20,19,19.2
Мэдээллийн систем,Нар.Бат-Эрдэнэ,490,Намдаг.Гэндэнпэрэнлэй,19,17,19,20,18.8
Компьютерийн ухаан,Бат.Батхүү,491,Балдан.Энхбат,17,15,17,17,16.5
Программ хангамж,Дорж.Оюунцэцэг,492,Намдаг.Баттөр,15,18,18,17,17.0
Мэдээллийн технологи,Бат.Дэмчигдорж,493,Бат.Мөнхбаяр,19,18,18,17,18.0
Мультимедийн технологи,Жигмэд.Гунгаасүрэн,494,Лхам.Цэрэнпунцаг,16,16,17,15,16.0
Мэдээллийн систем,Норов.Мөнхбаяр,495,Гомбо.Нармандах,15,13,16,16,15.0
Компьютерийн ухаан,Жамц.Батчулуун,496,Дорж.Орхон,17,19,16,15,16.8
Программ хангамж,Нацаг.Гунгаасүрэн,497,Сүрэн.Гэрэлтуяа,16,17,17,20,17.5
Мэдээллийн технологи,Гэлэг.Ганболд,498,Бат.Мөнхбаяр,12,12,14,11,12.2
Мультимедийн технологи,Дорж.Баяраа,499,Гомбо.Энхзул,19,16,19,20,18.5
Мэдээллийн систем,Гэлэг.Ганцэцэг,500,Галсан.Энхзул,17,16,16,15,16.0
Компьютерийн ухаан,Содном.Тунгалаг,501,Дорж.Жаргалсайхан,20,18,14,15,16.8
Программ хангамж,Ринчин.Зоригоо,502,Гомбожав.Дэлгэрмаа,20,18,17,17,18.0
Мэдээллийн технологи,Дүгэр.Цэнгэл,503,Энх.Мөнхтөр,16,13,17,16,15.5
Мультимедийн технологи,Чулуун.Лхагвасүрэн,504,Балдан.Энхбат,16,14,15,19,16.0
Мэдээллийн систем,Цэрэн.Баттөр,505,Намдаг.Гэндэнпэрэнлэй,20,17,19,19,18.8
Компьютерийн ухаан,Шагдар.Батчулуун,506,Жигмэд.Цэдэндамба,17,19,15,15,16.5
Программ хангамж,Ринчин.Энхтуяа,507,Галсан.Самбуу,14,13,19,16,15.5
Мэдээллийн технологи,Бямба.Нарандэлгэр,508,Намдаг.Гэндэнпэрэнлэй,13,11,11,11,11.5
Мультимедийн технологи,Ган.Тэмүүлэн,509,Содном.Ганболд,15,17,15,16,15.8
Мэдээллийн систем,Галсан.Одгэрэл,510,Бат.Дэлгэрцэцэг,19,20,16,15,17.5
Компьютерийн ухаан,Жамц.Самбуу,511,Цэрэн.Лхагвасүрэн,20,19,20,18,19.2
Программ хангамж,Балдан.Мөнхжаргал,512,Бямба.Алтансүх,13,10,12,15,12.5
Мэдээллийн технологи,Намдаг.Хуягбаатар,513,Лхам.Оюун,16,14,13,18,15.2
Мультимедийн технологи,Лодой.Цэнгэл,514,Намдаг.Баттөр,19,16,18,17,17.5
Мэдээллийн систем,Гомбожав.Нарандэлгэр,515,Гомбо.Энхзул,17,16,15,17,16.2
Компьютерийн ухаан,Дамба.Халиун,516,Дорж.Жаргалсайхан,13,13,17,17,15.0
Программ хангамж,Лодой.Ганбаяр,517,Энх.Амарсайхан,14,13,14,15,14.0
Мэдээллийн технологи,Балдан.Дэлгэрцэцэг,518,Бат.Дэлгэрцэцэг,14,11,10,8,10.8
Мультимедийн технологи,Балдан.Мэргэн,519,Ринчин.Батзориг,19,18,17,18,18.0
Мэдээллийн систем,Мөнх.Бямбасүрэн,520,Дорж.Жаргалсайхан,19,17,18,16,17.5
Компьютерийн ухаан,Цэрэн.Энхтөр,521,Энх.Мөнхтөр,18,17,18,20,18.2
Программ хангамж,Жамбал.Мөнхтулга,522,Ринчин.Батзориг,18,15,16,17,16.5
Мэдээллийн технологи,Ган.Дэлгэрмаа,523,Лхам.Цэрэнпунцаг,16,15,17,15,15.8
Мультимедийн технологи,Ринчин.Болд,524,Лхам.Оюун,18,19,14,16,16.8
Мэдээллийн систем,Намдаг.Оюун,525,Балдан.Энхбат,17,17,20,20,18.5
Компьютерийн ухаан,Пүрэв.Буянтогтох,526,Цэрэн.Лхагвасүрэн,8,9,10,14,10.2
Программ хангамж,Дамба.Баттөр,527,Санжаа.Дэлгэрцэцэг,17,19,15,13,16.0
Мэдээллийн технологи,Нацаг.Нарандэлгэр,528,Лхам.Оюун,19,15,16,15,16.2
Мультимедийн технологи,Намдаг.Баяраа,529,Бат.Мөнхбаяр,19,15,18,16,17.0
Мэдээллийн систем,Дүгэр.Хулан,530,Дорж.Жаргалсайхан,16,14,15,20,16.2
Компьютерийн ухаан,Гомбожав.Доржготов,531,Жигмэд.Гэрэлмаа,16,13,14,18,15.2
Программ хангамж,Балдан.Тэмүүлэн,532,Дорж.Жаргалсайхан,16,13,16,15,15.0
Мэдээллийн технологи,Намдаг.Гэрэлмаа,533,Намдаг.Гэндэнпэрэнлэй,13,16,9,11,12.2
Мультимедийн технологи,Гэлэг.Нарандэлгэр,534,Гомбо.Энхзул,16,18,15,14,15.8
Мэдээллийн систем,Цэвэл.Мөнхбаяр,535,Ринчин.Батзориг,14,15,14,15,14.5
Компьютерийн ухаан,Бат.Цэцэгдэлгэр,536,Намдаг.Баттөр,17,20,16,16,17.2
Программ хангамж,Гомбо.Мөнхбаяр,537,Энх.Мөнхтөр,19,18,15,18,17.5
Мэдээллийн технологи,Пүрэв.Болд,538,Содном.Батсайхан,20,17,14,16,16.8
Мультимедийн технологи,Гомбожав.Тунгалаг,539,Мөнх.Нямдорж,14,16,18,16,16.0
Мэдээллийн систем,Чулуун.Амарсайхан,540,Жигмэд.Гэрэлмаа,13,8,13,14,12.0
Компьютерийн ухаан,Баатар.Цэрэнпунцаг,541,Намдаг.Гэндэнпэрэнлэй,20,13,16,14,15.8
Программ хангамж,Равжаа.Хуягбаатар,542,Дорж.Жаргалсайхан,17,15,9,14,13.8
Мэдээллийн технологи,Сүрэн.Нарандэлгэр,543,Санжаа.Дэлгэрцэцэг,10,12,14,14,12.5
Мультимедийн технологи,Сүрэн.Гэндэнпэрэнлэй,544,Гомбожав.Дэлгэрмаа,17,17,16,18,17.0
Мэдээллийн систем,Дамба.Баатарсүрэн,545,Лодой.Хулан,14,13,11,8,11.5
Компьютерийн ухаан,Дүгэр.Ганцэцэг,546,Гомбо.Энхзул,18,20,16,16,17.5
Программ хангамж,Нямаа.Цэнд,547,Жигмэд.Цэдэндамба,18,16,18,15,16.8
Мэдээллийн технологи,Жамц.Тамир,548,Бат.Дэлгэрцэцэг,15,15,16,19,16.2
Мультимедийн технологи,Норов.Дэлгэрбаяр,549,Намдаг.Баттөр,13,12,8,14,11.8
Мэдээллийн систем,Нар.Оюунбилэг,550,Шагдар.Бадамсүрэн,16,12,18,15,15.2
Компьютерийн ухаан,Гэлэг.Дэлгэрбаяр,551,Намдаг.Баттөр,16,20,15,16,16.8
Программ хангамж,Цэрэн.Санжаасүрэн,552,Мөнх.Нямдорж,11,15,19,16,15.2
Мэдээллийн технологи,Баатар.Гэрэлтуяа,553,Санжаа.Дэлгэрцэцэг,8,9,11,12,10.0
Мультимедийн технологи,Мөнх.Мөнхзул,554,Балдан.Дэмчигдорж,14,13,14,9,12.5
Мэдээллийн систем,Сүрэн.Батзориг,555,Галсан.Самбуу,19,19,15,18,17.8
Компьютерийн ухаан,Дорж.Хурц,556,Жигмэд.Гэрэлмаа,19,17,16,15,16.8
Программ хангамж,Мөнх.Буянтогтох,557,Намдаг.Гэндэнпэрэнлэй,16,14,15,17,15.5
Мэдээллийн технологи,Гэлэг.Чойжилсүрэн,558,Жигмэд.Цэдэндамба,15,14,12,19,15.0
Мультимедийн технологи,Сүрэн.Болд,559,Ринчин.Батзориг,18,15,15,14,15.5
Мэдээллийн систем,Бямба.Ариунаа,560,Дорж.Орхон,20,20,18,19,19.2
Компьютерийн ухаан,Баатар.Оюун,561,Дорж.Жаргалсайхан,17,15,19,20,17.8
Программ хангамж,Лодой.Баяраа,562,Гомбо.Энхзул,19,17,17,19,18.0
Мэдээллийн технологи,Жамбал.Дагиймаа,563,Гомбо.Нармандах,15,12,11,10,12.0
Мультимедийн технологи,Ринчин.Бямбасүрэн,564,Балдан.Дэмчигдорж,17,16,14,16,15.8
Мэдээллийн систем,Намдаг.Дэлгэрмаа,565,Намдаг.Гэндэнпэрэнлэй,13,11,16,10,12.5
Компьютерийн ухаан,Ринчин.Эрдэнэбат,566,Жигмэд.Гэрэлмаа,13,11,12,14,12.5
Программ хангамж,Нямаа.Дэлгэрмаа,567,Лхам.Цэрэнпунцаг,14,13,15,17,14.8
Мэдээллийн технологи,Лодой.Солонго,568,Гомбо.Нармандах,18,13,17,16,16.0
Мультимедийн технологи,Жамбал.Зундуй,569,Лхам.Оюун,18,17,15,14,16.0
Мэдээллийн систем,Бат.Дэлгэрбаяр,570,Шагдар.Бадамсүрэн,14,14,18,17,15.8
Компьютерийн ухаан,Баатар.Цэдэндамба,571,Содном.Батсайхан,13,15,16,15,14.8
Программ хангамж,Жамбал.Оюунбилэг,572,Галсан.Энхзул,16,15,11,11,13.2
Мэдээллийн технологи,Намдаг.Лувсандорж,573,Бат.Мөнхбаяр,16,13,13,12,13.5
Мультимедийн технологи,Бат.Эрдэнэбат,574,Гомбо.Энхзул,20,17,16,17,17.5
Мэдээллийн систем,Цэвэл.Ундрал,575,Бат.Мөнхбаяр,16,15,17,20,17.0
Компьютерийн ухаан,Равжаа.Санжаасүрэн,576,Сүрэн.Гэрэлтуяа,15,15,15,17,15.5
Программ хангамж,Жамц.Бадамсүрэн,577,Гомбо.Нармандах,20,13,16,16,16.2
Мэдээллийн технологи,Содном.Энхтөр,578,Намдаг.Баттөр,14,16,9,13,13.0
Мультимедийн технологи,Пүрэв.Ариунболд,579,Сүрэн.Гэрэлтуяа,17,16,20,19,18.0
Мэдээллийн систем,Энх.Бурмаа,580,Балдан.Энхбат,14,14,14,17,14.8
Компьютерийн ухаан,Гомбо.Номин,581,Лхам.Оюун,19,19,15,12,16.2
Программ хангамж,Бат.Бямбасүрэн,582,Мөнх.Нямдорж,12,12,11,13,12.0
Мэдээллийн технологи,Равжаа.Гэрэлмаа,583,Галсан.Энхзул,15,11,14,11,12.8
Мультимедийн технологи,Пүрэв.Баяртөгс,584,Лодой.Хулан,16,16,16,18,16.5
Мэдээллийн систем,Нацаг.Дэлгэрбаяр,585,Сүрэн.Гэрэлтуяа,15,15,13,19,15.5
Компьютерийн ухаан,Цэвэл.Оюун,586,Ринчин.Батзориг,12,8,11,14,11.2
Программ хангамж,Лхам.Санжаасүрэн,587,Ринчин.Батзориг,19,17,14,17,16.8
Мэдээллийн технологи,Чулуун.Цэрэн,588,Бат.Дэлгэрцэцэг,16,16,15,16,15.8
Мультимедийн технологи,Жамц.Батчимэг,589,Содном.Нарантуяа,16,16,16,18,16.5
Мэдээллийн систем,Дамба.Ганболд,590,Лхам.Цэрэнпунцаг,18,18,16,13,16.2
Компьютерийн ухаан,Мөнх.Батмөнх,591,Мөнх.Нямдорж,17,16,14,16,15.8
Программ хангамж,Лхам.Мөнхзул,592,Нацаг.Отгонтөгс,19,15,17,15,16.5
Мэдээллийн технологи,Нямаа.Жаргалсайхан,593,Балдан.Ундрал,16,14,15,18,15.8
Мультимедийн технологи,Буян.Ганболд,594,Лхам.Цэрэнпунцаг,15,13,14,19,15.2
Мэдээллийн систем,Бат.Солонго,595,Содном.Нарантуяа,14,10,11,11,11.5
Компьютерийн ухаан,Буян.Баатарсүрэн,596,Нацаг.Отгонтөгс,20,19,19,19,19.2
Программ хангамж,Чулуун.Энхтуяа,597,Лхам.Цэрэнпунцаг,14,14,18,17,15.8
Мэдээллийн технологи,Буян.Батмөнх,598,Лхам.Цэрэнпунцаг,8,11,9,9,9.2
Мультимедийн технологи,Галсан.Цэцэгмаа,599,Лхам.Оюун,20,18,17,14,17.2
Мэдээллийн систем,Пүрэв.Нямгэрэл,600,Содном.Ганболд,20,20,14,15,17.2
Компьютерийн ухаан,Лхам.Батхүү,601,Сүрэн.Гэрэлтуяа,16,20,17,18,17.8
Программ хангамж,Бат.Отгонтөгс,602,Ринчин.Батзориг,15,18,15,16,16.0
Мэдээллийн технологи,Баатар.Мөнхжаргал,603,Содном.Батсайхан,14,19,17,13,15.8
Мультимедийн технологи,Бат.Баатарсүрэн,604,Энх.Амарсайхан,20,17,19,16,18.0
Мэдээллийн систем,Энх.Цэрэн,605,Содном.Ганболд,11,10,8,12,10.2
Компьютерийн ухаан,Гэлэг.Бат-Эрдэнэ,606,Ринчин.Батзориг,19,16,13,16,16.0
Программ хангамж,Нар.Ундрал,607,Ринчин.Батзориг,17,18,14,16,16.2
Мэдээллийн технологи,Бямба.Туяа,608,Ринчин.Батзориг,16,16,17,17,16.5
Мультимедийн технологи,Бямба.Батчулуун,609,Энх.Амарсайхан,16,15,15,17,15.8
Мэдээллийн систем,Дүгэр.Лувсандорж,610,Гомбожав.Дэлгэрмаа,17,19,15,18,17.2
Компьютерийн ухаан,Жамц.Дэлгэрмаа,611,Лхам.Оюун,14,19,17,18,17.0
Программ хангамж,Шагдар.Хуягбаатар,612,Галсан.Самбуу,14,20,13,15,15.5
Мэдээллийн технологи,Гомбожав.Нямгэрэл,613,Гомбо.Нармандах,20,16,20,19,18.8
Мультимедийн технологи,Норов.Буянтогтох,614,Гомбожав.Дэлгэрмаа,12,14,13,14,13.2
Мэдээллийн систем,Жигмэд.Жаргалсайхан,615,Гомбо.Нармандах,17,18,14,14,15.8
Компьютерийн ухаан,Сүрэн.Дагиймаа,616,Баатар.Мөнхтулга,16,16,16,16,16.0
Программ хангамж,Нацаг.Баярсайхан,617,Дорж.Жаргалсайхан,15,17,16,19,16.8
Мэдээллийн технологи,Бат.Наранцэцэг,618,Балдан.Ундрал,15,16,16,15,15.5
Мультимедийн технологи,Дамба.Батхүү,619,Энх.Амарсайхан,17,19,15,18,17.2
Мэдээллийн систем,Лодой.Нямдорж,620,Баатар.Мөнхтулга,16,20,20,18,18.5
Компьютерийн ухаан,Буян.Намсрай,621,Энх.Амарсайхан,15,18,18,12,15.8
Программ хангамж,Намдаг.Золзаяа,622,Намдаг.Гэндэнпэрэнлэй,17,15,16,17,16.2
Мэдээллийн технологи,Жамц.Нямдорж,623,Галсан.Энхзул,16,16,18,16,16.5
Мультимедийн технологи,Энх.Баясгалан,624,Жигмэд.Гэрэлмаа,17,17,15,12,15.2
Мэдээллийн систем,Санжаа.Дашдорж,625,Гомбо.Энхзул,20,18,16,18,18.0
Компьютерийн ухаан,Бямба.Цэнд,626,Дорж.Орхон,19,19,19,20,19.2
Программ хангамж,Гомбо.Мандхай,627,Галсан.Самбуу,18,16,20,19,18.2
Мэдээллийн технологи,Содном.Дагиймаа,628,Гомбо.Нармандах,16,18,15,19,17.0
Мультимедийн технологи,Дорж.Нарандэлгэр,629,Балдан.Энхбат,9,13,13,13,12.0
Мэдээллийн систем,Намдаг.Баясгалан,630,Бат.Мөнхбаяр,17,18,18,12,16.2
Компьютерийн ухаан,Галсан.Мөнхбаяр,631,Содном.Нарантуяа,19,15,18,16,17.0
Программ хангамж,Нар.Батхүү,632,Цэрэн.Лундэнгийн,14,13,15,13,13.8
Мэдээллийн технологи,Лхам.Гэрэлмаа,633,Нар.Баттөр,19,18,14,13,16.0
Мультимедийн технологи,Ринчин.Доржготов,634,Галсан.Энхзул,20,20,15,18,18.2
Мэдээллийн систем,Нар.Батзориг,635,Мөнх.Нямдорж,16,16,15,17,16.0
Компьютерийн ухаан,Жамбал.Цэрэнпунцаг,636,Содном.Батсайхан,13,9,14,11,11.8
Программ хангамж,Норов.Гэрэлмаа,637,Лхам.Оюун,20,19,19,19,19.2
Мэдээллийн технологи,Ган.Нарандэлгэр,638,Бямба.Алтансүх,14,17,16,15,15.5
Мультимедийн технологи,Цэрэн.Гунгаасүрэн,639,Балдан.Дэмчигдорж,17,18,17,15,16.8
Мэдээллийн систем,Лодой.Бямбасүрэн,640,Лхам.Цэрэнпунцаг,20,13,16,16,16.2
Компьютерийн ухаан,Бат.Нарандэлгэр,641,Цэрэн.Лундэнгийн,18,15,17,16,16.5
Программ хангамж,Нар.Мөнхбаяр,642,Гомбожав.Дэлгэрмаа,17,19,14,16,16.5
Мэдээллийн технологи,Жигмэд.Нармандах,643,Бат.Дэлгэрцэцэг,19,16,16,16,16.8
Мультимедийн технологи,Ган.Алтансүх,644,Бат.Дэлгэрцэцэг,14,16,16,18,16.0
Мэдээллийн систем,Гэлэг.Гантулга,645,Цэрэн.Лундэнгийн,13,11,11,10,11.2
Компьютерийн ухаан,Лодой.Ганцэцэг,646,Шагдар.Бадамсүрэн,17,19,18,17,17.8
Программ хангамж,Дорж.Одгэрэл,647,Энх.Мөнхтөр,12,20,15,16,15.8
Мэдээллийн технологи,Галсан.Оюунцэцэг,648,Содном.Батсайхан,15,17,18,13,15.8
Мультимедийн технологи,Норов.Гэрэлтуяа,649,Шагдар.Бадамсүрэн,18,14,19,14,16.2
Мэдээллийн систем,Санжаа.Ганболд,650,Гомбожав.Дэлгэрмаа,14,14,12,12,13.0
Компьютерийн ухаан,Чулуун.Цэцэгмаа,651,Содном.Ганболд,18,18,14,15,16.2
Программ хангамж,Нар.Тамир,652,Бат.Мөнхбаяр,19,17,14,16,16.5
Мэдээллийн технологи,Мөнх.Оюун,653,Содном.Батсайхан,16,18,17,17,17.0
Мультимедийн технологи,Санжаа.Цогтбаатар,654,Намдаг.Баттөр,17,16,17,17,16.8
Мэдээллийн систем,Жамц.Сарантуяа,655,Энх.Мөнхтөр,19,18,17,20,18.5
Компьютерийн ухаан,Ринчин.Энхмандал,656,Содном.Нарантуяа,15,18,17,18,17.0
Программ хангамж,Цэвэл.Дагиймаа,657,Дорж.Жаргалсайхан,14,19,16,15,16.0
Мэдээллийн технологи,Бямба.Баатарсүрэн,658,Лхам.Оюун,16,15,17,16,16.0
Мультимедийн технологи,Гомбожав.Сарантуяа,659,Содном.Нарантуяа,14,15,13,12,13.5
Мэдээллийн систем,Гомбо.Гэндэнпэрэнлэй,660,Лхам.Оюун,19,19,13,14,16.2
Компьютерийн ухаан,Бямба.Нандинцэцэг,661,Гомбо.Нармандах,20,19,17,20,19.0
Программ хангамж,Нацаг.Энхзул,662,Нацаг.Отгонтөгс,19,19,18,19,18.8
Мэдээллийн технологи,Сүрэн.Оюун,663,Энх.Амарсайхан,17,16,16,16,16.2
Мультимедийн технологи,Гэлэг.Батсайхан,664,Сүрэн.Гэрэлтуяа,20,19,16,18,18.2
Мэдээллийн систем,Цэвэл.Батчулуун,665,Намдаг.Баттөр,14,16,17,16,15.8
Компьютерийн ухаан,Ган.Ганболд,666,Гомбо.Нармандах,16,16,17,12,15.2
Программ хангамж,Нацаг.Санжаасүрэн,667,Лхам.Оюун,20,15,20,18,18.2
Мэдээллийн технологи,Балдан.Наранцэцэг,668,Лодой.Хулан,16,15,15,13,14.8
Мультимедийн технологи,Содном.Хишигдэлэг,669,Лхам.Оюун,17,20,15,12,16.0
Мэдээллийн систем,Энх.Бямбасүрэн,670,Балдан.Дэмчигдорж,17,14,14,18,15.8
Компьютерийн ухаан,Дамба.Батмөнх,671,Гомбожав.Дэлгэрмаа,16,17,16,19,17.0
Программ хангамж,Дорж.Мөнхзул,672,Жигмэд.Цэдэндамба,15,13,15,16,14.8
Мэдээллийн технологи,Дүгэр.Дэмчигдорж,673,Цэрэн.Лхагвасүрэн,17,18,19,16,17.5
Мультимедийн технологи,Дүгэр.Гэндэнпэрэнлэй,674,Сүрэн.Гэрэлтуяа,8,13,11,13,11.2
Мэдээллийн систем,Дүгэр.Лувсанцэрэн,675,Бат.Мөнхбаяр,10,12,13,10,11.2
Компьютерийн ухаан,Жамбал.Цэцэгмаа,676,Гомбо.Нармандах,17,16,18,17,17.0
Программ хангамж,Гомбожав.Эрдэнэбат,677,Жигмэд.Гэрэлмаа,13,15,14,13,13.8
Мэдээллийн технологи,Цэрэн.Лувсанцэрэн,678,Дорж.Жаргалсайхан,17,15,16,14,15.5
Мультимедийн технологи,Содном.Цэрэнпунцаг,679,Галсан.Самбуу,14,13,9,12,12.0
Мэдээллийн систем,Дамба.Гантулга,680,Лодой.Хулан,17,16,16,18,16.8
Компьютерийн ухаан,Нацаг.Ганбаяр,681,Лхам.Оюун,16,13,17,15,15.2
Программ хангамж,Дорж.Золзаяа,682,Сүрэн.Гэрэлтуяа,18,17,16,18,17.2
Мэдээллийн технологи,Содном.Равдан,683,Дорж.Орхон,15,19,16,17,16.8
Мультимедийн технологи,Галсан.Гэрэлмаа,684,Бат.Дэлгэрцэцэг,15,18,18,13,16.0
Мэдээллийн систем,Норов.Пүрэвдорж,685,Энх.Мөнхтөр,20,14,17,14,16.2
Компьютерийн ухаан,Лодой.Буянтогтох,686,Бямба.Алтансүх,18,18,17,16,17.2
Программ хангамж,Сүрэн.Ганцэцэг,687,Галсан.Энхзул,13,14,8,9,11.0
Мэдээллийн технологи,Гомбо.Лувсанцэрэн,688,Галсан.Самбуу,17,15,14,15,15.2
Мультимедийн технологи,Галсан.Гантулга,689,Гомбо.Нармандах,16,16,15,18,16.2
Мэдээллийн систем,Мөнх.Цэцэгдэлгэр,690,Энх.Мөнхтөр,16,14,15,16,15.2
Компьютерийн ухаан,Мөнх.Лувсандорж,691,Бат.Дэлгэрцэцэг,14,14,12,15,13.8
Программ хангамж,Шагдар.Халиун,692,Энх.Мөнхтөр,17,20,19,19,18.8
Мэдээллийн технологи,Цэвэл.Нандин,693,Бат.Дэлгэрцэцэг,16,17,17,14,16.0
Мультимедийн технологи,Жамц.Цэрэн,694,Балдан.Энхбат,18,15,18,15,16.5
Мэдээллийн систем,Лхам.Баясгалан,695,Гомбожав.Дэлгэрмаа,13,12,14,13,13.0
Компьютерийн ухаан,Лодой.Нарандэлгэр,696,Намдаг.Гэндэнпэрэнлэй,13,16,10,9,12.0
Программ хангамж,Гомбо.Цэнд,697,Шагдар.Бадамсүрэн,19,18,16,16,17.2
Мэдээллийн технологи,Гомбо.Отгонтөгс,698,Бат.Мөнхбаяр,15,16,16,18,16.2
Мультимедийн технологи,Ган.Нандинцэцэг,699,Сүрэн.Гэрэлтуяа,15,15,16,17,15.8
Мэдээллийн систем,Намдаг.Баатарсүрэн,700,Содном.Нарантуяа,12,15,11,14,13.0
Компьютерийн ухаан,Цэрэн.Халиун,701,Галсан.Энхзул,13,18,16,16,15.8
Программ хангамж,Галсан.Бадамсүрэн,702,Дорж.Орхон,19,20,20,18,19.2
Мэдээллийн технологи,Галсан.Орхон,703,Энх.Мөнхтөр,12,11,16,14,13.2
Мультимедийн технологи,Санжаа.Туяа,704,Цэрэн.Лундэнгийн,13,15,14,13,13.8
Мэдээллийн систем,Дорж.Мөнхжаргал,705,Цэрэн.Лундэнгийн,13,13,11,11,12.0
Компьютерийн ухаан,Бат.Хуягбаатар,706,Намдаг.Гэндэнпэрэнлэй,20,20,16,19,18.8
Программ хангамж,Ринчин.Дэлгэрмаа,707,Ринчин.Батзориг,15,16,16,14,15.2
Мэдээллийн технологи,Энх.Нямгэрэл,708,Гомбо.Энхзул,14,11,10,13,12.0
Мультимедийн технологи,Равжаа.Цэцэгмаа,709,Содном.Батсайхан,19,18,17,20,18.5
Мэдээллийн систем,Баатар.Энхтөр,710,Намдаг.Гэндэнпэрэнлэй,11,20,15,16,15.5
Компьютерийн ухаан,Бямба.Одгэрэл,711,Баатар.Мөнхтулга,20,19,13,15,16.8
Программ хангамж,Цэрэн.Батмөнх,712,Мөнх.Нямдорж,17,15,16,15,15.8
Мэдээллийн технологи,Гомбо.Мөнхтөр,713,Содном.Нарантуяа,16,14,14,14,14.5
Мультимедийн технологи,Санжаа.Ундрал,714,Баатар.Мөнхтулга,17,20,14,15,16.5
Мэдээллийн систем,Сүрэн.Энхтөр,715,Ринчин.Батзориг,19,16,16,15,16.5
Компьютерийн ухаан,Цэрэн.Мэргэн,716,Жигмэд.Гэрэлмаа,12,10,11,12,11.2
Программ хангамж,Жигмэд.Баатарсүрэн,717,Энх.Амарсайхан,16,15,17,15,15.8
Мэдээллийн технологи,Ринчин.Гэрэлтуяа,718,Лхам.Цэрэнпунцаг,18,18,16,20,18.0
Мультимедийн технологи,Гомбо.Мөнхжаргал,719,Лхам.Цэрэнпунцаг,9,17,10,13,12.2
Мэдээллийн систем,Дүгэр.Халиун,720,Лхам.Оюун,15,18,17,15,16.2
Компьютерийн ухаан,Дорж.Нямгэрэл,721,Нар.Баттөр,13,8,15,12,12.0
Программ хангамж,Жамц.Гунгаасүрэн,722,Мөнх.Нямдорж,14,14,13,13,13.5
Мэдээллийн технологи,Жамбал.Мөнхбаяр,723,Цэрэн.Лундэнгийн,18,18,13,15,16.0
Мультимедийн технологи,Ринчин.Мөнхжаргал,724,Лхам.Цэрэнпунцаг,19,17,15,17,17.0
Мэдээллийн систем,Чулуун.Тэмүүлэн,725,Бат.Мөнхбаяр,18,16,15,20,17.2
Компьютерийн ухаан,Мөнх.Нандинцэцэг,726,Мөнх.Нямдорж,17,14,17,17,16.2
Программ хангамж,Пүрэв.Одонтуяа,727,Дорж.Жаргалсайхан,20,20,18,20,19.5
Мэдээллийн технологи,Жамбал.Нарандэлгэр,728,Содном.Нарантуяа,16,20,16,15,16.8
Мультимедийн технологи,Лхам.Баяртөгс,729,Бат.Дэлгэрцэцэг,16,18,18,15,16.8
Мэдээллийн систем,Дүгэр.Мөнхбаяр,730,Шагдар.Бадамсүрэн,16,16,19,15,16.5
Компьютерийн ухаан,Санжаа.Ариунболд,731,Гомбо.Нармандах,15,14,15,14,14.5
Программ хангамж,Содном.Тэмүүлэн,732,Энх.Амарсайхан,19,18,14,12,15.8
Мэдээллийн технологи,Дамба.Баяраа,733,Мөнх.Нямдорж,19,16,13,17,16.2
Мультимедийн технологи,Цэрэн.Гэрэлмаа,734,Лхам.Цэрэнпунцаг,16,16,16,17,16.2
Мэдээллийн систем,Балдан.Солонго,735,Цэрэн.Лхагвасүрэн,14,8,12,10,11.0
Компьютерийн ухаан,Буян.Доржготов,736,Цэрэн.Лхагвасүрэн,16,19,18,15,17.0
Программ хангамж,Норов.Тамир,737,Бат.Мөнхбаяр,14,20,16,16,16.5
Мэдээллийн технологи,Буян.Дулмаа,738,Гомбо.Нармандах,18,17,16,14,16.2
Мультимедийн технологи,Пүрэв.Бат-Эрдэнэ,739,Лхам.Оюун,20,17,18,18,18.2
Мэдээллийн систем,Буян.Баяраа,740,Галсан.Самбуу,15,17,17,17,16.5
Компьютерийн ухаан,Бямба.Номин,741,Намдаг.Гэндэнпэрэнлэй,13,16,8,8,11.2
Программ хангамж,Гэлэг.Лхагвасүрэн,742,Нацаг.Отгонтөгс,16,16,15,16,15.8
Мэдээллийн технологи,Буян.Нямгэрэл,743,Энх.Амарсайхан,15,17,16,17,16.2
Мультимедийн технологи,Нацаг.Номин,744,Энх.Мөнхтөр,12,8,12,12,11.0
Мэдээллийн систем,Цэвэл.Батчимэг,745,Шагдар.Бадамсүрэн,16,19,16,18,17.2
Компьютерийн ухаан,Гомбожав.Мөнхбаяр,746,Лхам.Оюун,14,18,16,16,16.0
Программ хангамж,Лодой.Мандхай,747,Содном.Ганболд,11,14,16,9,12.5
Мэдээллийн технологи,Гомбо.Оюун,748,Нацаг.Отгонтөгс,19,14,18,17,17.0
Мультимедийн технологи,Санжаа.Отгонтөгс,749,Намдаг.Гэндэнпэрэнлэй,12,14,15,14,13.8
Мэдээллийн систем,Жамбал.Нямдорж,750,Лхам.Цэрэнпунцаг,18,14,11,16,14.8
Компьютерийн ухаан,Дүгэр.Гэрэл,751,Энх.Амарсайхан,18,16,13,17,16.0
Программ хангамж,Цэвэл.Энхмандал,752,Ринчин.Батзориг,15,18,16,15,16.0
Мэдээллийн технологи,Ган.Батхүү,753,Лодой.Хулан,20,17,18,19,18.5
Мультимедийн технологи,Мөнх.Хуягбаатар,754,Намдаг.Баттөр,13,15,11,14,13.2
Мэдээллийн систем,Жамбал.Цэдэндамба,755,Содном.Ганболд,10,14,12,11,11.8
Компьютерийн ухаан,Намдаг.Санжаасүрэн,756,Цэрэн.Лундэнгийн,16,20,17,13,16.5
Программ хангамж,Намдаг.Амарсайхан,757,Энх.Мөнхтөр,17,16,18,16,16.8
Мэдээллийн технологи,Содном.Бат-Эрдэнэ,758,Дорж.Жаргалсайхан,18,17,16,19,17.5
Мультимедийн технологи,Сүрэн.Ганболд,759,Галсан.Самбуу,17,16,13,13,14.8
Мэдээллийн систем,Дамба.Лувсанцэрэн,760,Сүрэн.Гэрэлтуяа,19,17,13,15,16.0
Компьютерийн ухаан,Ринчин.Ганцэцэг,761,Содном.Батсайхан,17,17,17,15,16.5
Программ хангамж,Галсан.Нармандах,762,Шагдар.Бадамсүрэн,15,16,16,14,15.2
Мэдээллийн технологи,Ринчин.Зундуй,763,Содном.Нарантуяа,18,18,17,17,17.5
Мультимедийн технологи,Жамбал.Золзаяа,764,Намдаг.Гэндэнпэрэнлэй,15,20,19,18,18.0
Мэдээллийн систем,Равжаа.Туяа,765,Намдаг.Баттөр,16,19,16,14,16.2
Компьютерийн ухаан,Шагдар.Туяа,766,Намдаг.Баттөр,15,8,14,12,12.2
Программ хангамж,Гэлэг.Цэрэн,767,Дорж.Орхон,14,14,14,15,14.2
Мэдээллийн технологи,Балдан.Дэлгэрбаяр,768,Лхам.Цэрэнпунцаг,20,16,17,17,17.5
Мультимедийн технологи,Шагдар.Гэрэлмаа,769,Жигмэд.Гэрэлмаа,20,18,18,19,18.8
Мэдээллийн систем,Жамбал.Хулан,770,Дорж.Жаргалсайхан,17,17,17,19,17.5
Компьютерийн ухаан,Ган.Баяртөгс,771,Намдаг.Гэндэнпэрэнлэй,17,14,15,15,15.2
Программ хангамж,Содном.Гэрэлмаа,772,Содном.Ганболд,18,16,15,20,17.2
Мэдээллийн технологи,Галсан.Цэдэндамба,773,Бат.Мөнхбаяр,15,17,16,17,16.2
Мультимедийн технологи,Балдан.Ганболд,774,Гомбо.Нармандах,17,20,18,17,18.0
Мэдээллийн систем,Дүгэр.Ариунболд,775,Содном.Нарантуяа,20,17,20,19,19.0
Компьютерийн ухаан,Галсан.Туяа,776,Содном.Нарантуяа,14,15,12,16,14.2
Программ хангамж,Санжаа.Алтансүх,777,Галсан.Самбуу,17,20,15,14,16.5
Мэдээллийн технологи,Равжаа.Энхтуяа,778,Мөнх.Нямдорж,17,15,15,17,16.0
Мультимедийн технологи,Жигмэд.Нарандэлгэр,779,Галсан.Самбуу,16,17,17,20,17.5
Мэдээллийн систем,Гэлэг.Наранцэцэг,780,Содном.Нарантуяа,10,12,12,14,12.0
Компьютерийн ухаан,Чулуун.Дашдорж,781,Баатар.Мөнхтулга,19,20,19,20,19.5
Программ хангамж,Сүрэн.Золо,782,Содном.Нарантуяа,14,17,15,15,15.2
Мэдээллийн технологи,Жамц.Равдан,783,Галсан.Энхзул,17,17,18,14,16.5
Мультимедийн технологи,Гомбожав.Энхтуяа,784,Лхам.Цэрэнпунцаг,16,14,18,16,16.0
Мэдээллийн систем,Мөнх.Хурц,785,Содном.Нарантуяа,13,14,14,14,13.8
Компьютерийн ухаан,Нар.Энхтуяа,786,Содном.Нарантуяа,14,14,12,7,11.8
Программ хангамж,Ган.Орхон,787,Энх.Мөнхтөр,19,15,13,16,15.8
Мэдээллийн технологи,Гэлэг.Буянтогтох,788,Галсан.Энхзул,19,17,19,20,18.8
Мультимедийн технологи,Буян.Отгонтөгс,789,Мөнх.Нямдорж,19,17,18,18,18.0
Мэдээллийн систем,Буян.Бямбасүрэн,790,Гомбожав.Дэлгэрмаа,19,17,17,17,17.5
Компьютерийн ухаан,Буян.Батчулуун,791,Баатар.Мөнхтулга,10,13,13,11,11.8
Программ хангамж,Бямба.Нямгэрэл,792,Санжаа.Дэлгэрцэцэг,14,19,17,13,15.8
Мэдээллийн технологи,Жамбал.Нандинцэцэг,793,Санжаа.Дэлгэрцэцэг,14,10,12,10,11.5
Мультимедийн технологи,Равжаа.Одгэрэл,794,Санжаа.Дэлгэрцэцэг,14,15,13,14,14.0
Мэдээллийн систем,Чулуун.Дэлгэрцэцэг,795,Намдаг.Баттөр,20,16,16,17,17.2
Компьютерийн ухаан,Нацаг.Гантулга,796,Балдан.Дэмчигдорж,11,11,11,10,10.8
Программ хангамж,Дүгэр.Золо,797,Энх.Мөнхтөр,16,18,16,20,17.5
Мэдээллийн технологи,Галсан.Зоригоо,798,Гомбо.Нармандах,16,15,14,15,15.0
Мультимедийн технологи,Буян.Батхүү,799,Лодой.Хулан,18,19,15,19,17.8
Мэдээллийн систем,Дамба.Санжаасүрэн,800,Санжаа.Дэлгэрцэцэг,14,17,17,15,15.8
Компьютерийн ухаан,Чулуун.Нарандэлгэр,801,Галсан.Самбуу,13,10,14,13,12.5
Программ хангамж,Лодой.Намсрай,802,Сүрэн.Гэрэлтуяа,9,13,12,14,12.0
Мэдээллийн технологи,Гэлэг.Зоригоо,803,Лхам.Цэрэнпунцаг,13,15,11,9,12.0
Мультимедийн технологи,Цэрэн.Бурмаа,804,Энх.Мөнхтөр,13,17,15,11,14.0
Мэдээллийн систем,Нацаг.Мөнхтулга,805,Лодой.Хулан,15,17,14,15,15.2
Компьютерийн ухаан,Равжаа.Ганбаяр,806,Галсан.Самбуу,14,18,15,17,16.0
Программ хангамж,Баатар.Дамдинсүрэн,807,Содном.Ганболд,18,19,17,19,18.2
Мэдээллийн технологи,Дорж.Дагиймаа,808,Лодой.Хулан,16,17,18,15,16.5
Мультимедийн технологи,Намдаг.Хурц,809,Дорж.Орхон,15,12,12,11,12.5
Мэдээллийн систем,Гомбожав.Ганзориг,810,Лхам.Оюун,12,13,13,11,12.2
Компьютерийн ухаан,Ринчин.Санжаасүрэн,811,Ринчин.Батзориг,15,19,15,18,16.8
Программ хангамж,Шагдар.Лувсанцэрэн,812,Бат.Дэлгэрцэцэг,13,14,8,9,11.0
Мэдээллийн технологи,Жамбал.Гантулга,813,Гомбожав.Дэлгэрмаа,19,20,20,18,19.2
Мультимедийн технологи,Шагдар.Ганзориг,814,Гомбожав.Дэлгэрмаа,15,16,16,15,15.5
Мэдээллийн систем,Жамц.Доржготов,815,Намдаг.Баттөр,17,19,18,19,18.2
Компьютерийн ухаан,Лхам.Лувсанцэрэн,816,Шагдар.Бадамсүрэн,15,16,15,17,15.8
Программ хангамж,Балдан.Хулан,817,Ринчин.Батзориг,17,16,19,17,17.2
Мэдээллийн технологи,Дамба.Ариунболд,818,Содном.Нарантуяа,10,11,15,12,12.0
Мультимедийн технологи,Бат.Энхмандал,819,Ринчин.Батзориг,16,15,16,15,15.5
Мэдээллийн систем,Буян.Одонтуяа,820,Баатар.Мөнхтулга,15,20,18,20,18.2
Компьютерийн ухаан,Буян.Мөнхзул,821,Энх.Мөнхтөр,17,20,14,15,16.5
Программ хангамж,Мөнх.Туяа,822,Галсан.Самбуу,18,17,15,15,16.2
Мэдээллийн технологи,Гомбожав.Дамдинсүрэн,823,Намдаг.Гэндэнпэрэнлэй,19,20,19,18,19.0
Мультимедийн технологи,Нар.Хишигдэлэг,824,Лхам.Оюун,15,19,14,14,15.5
Мэдээллийн систем,Лодой.Цэцэгдэлгэр,825,Жигмэд.Цэдэндамба,14,17,15,18,16.0
Компьютерийн ухаан,Буян.Ариунболд,826,Балдан.Дэмчигдорж,15,15,17,17,16.0
Программ хангамж,Жамц.Наранцэцэг,827,Нацаг.Отгонтөгс,11,14,11,15,12.8
Мэдээллийн технологи,Шагдар.Цэрэнпунцаг,828,Ринчин.Батзориг,16,16,19,16,16.8
Мультимедийн технологи,Лхам.Равдан,829,Бат.Дэлгэрцэцэг,16,18,14,17,16.2
Мэдээллийн систем,Мөнх.Тамир,830,Бат.Дэлгэрцэцэг,17,17,15,16,16.2
Компьютерийн ухаан,Содном.Ариунаа,831,Гомбожав.Дэлгэрмаа,14,13,14,12,13.2
Программ хангамж,Ган.Энхмандал,832,Цэрэн.Лундэнгийн,15,14,16,15,15.0
Мэдээллийн технологи,Цэвэл.Дэлгэрбаяр,833,Лодой.Хулан,17,20,18,19,18.5
Мультимедийн технологи,Дорж.Дэлгэрмаа,834,Нацаг.Отгонтөгс,10,14,8,16,12.0
Мэдээллийн систем,Намдаг.Нармандах,835,Балдан.Дэмчигдорж,15,13,18,16,15.5
Компьютерийн ухаан,Санжаа.Одонтуяа,836,Содном.Ганболд,14,20,17,17,17.0
Программ хангамж,Дорж.Лундэнгийн,837,Содном.Нарантуяа,17,16,18,16,16.8
Мэдээллийн технологи,Пүрэв.Мөнхцэцэг,838,Намдаг.Гэндэнпэрэнлэй,17,20,16,19,18.0
Мультимедийн технологи,Пүрэв.Лундэнгийн,839,Бат.Дэлгэрцэцэг,16,18,15,13,15.5
Мэдээллийн систем,Нар.Цэцэгдэлгэр,840,Энх.Мөнхтөр,19,18,18,16,17.8
Компьютерийн ухаан,Лодой.Батчулуун,841,Нар.Баттөр,17,17,16,15,16.2
Программ хангамж,Бат.Буянтогтох,842,Балдан.Энхбат,9,14,10,11,11.0
Мэдээллийн технологи,Мөнх.Оюунцэцэг,843,Цэрэн.Лундэнгийн,13,17,14,17,15.2
Мультимедийн технологи,Гэлэг.Нарантуяа,844,Бат.Дэлгэрцэцэг,17,12,17,16,15.5
Мэдээллийн систем,Норов.Орхон,845,Бат.Дэлгэрцэцэг,17,20,19,20,19.0
Компьютерийн ухаан,Сүрэн.Дэлгэрцэцэг,846,Ринчин.Батзориг,13,11,17,14,13.8
Программ хангамж,Ган.Сарантуяа,847,Энх.Мөнхтөр,14,18,13,19,16.0
Мэдээллийн технологи,Дүгэр.Орхон,848,Намдаг.Гэндэнпэрэнлэй,19,20,16,16,17.8
Мультимедийн технологи,Галсан.Золзаяа,849,Энх.Мөнхтөр,18,18,18,17,17.8
Мэдээллийн систем,Сүрэн.Отгонтөгс,850,Намдаг.Баттөр,11,13,9,10,10.8
Компьютерийн ухаан,Чулуун.Батзориг,851,Балдан.Дэмчигдорж,14,18,14,15,15.2
Программ хангамж,Ган.Наранцэцэг,852,Лхам.Оюун,14,16,12,18,15.0
Мэдээллийн технологи,Жигмэд.Халиун,853,Лхам.Цэрэнпунцаг,16,13,17,15,15.2
Мультимедийн технологи,Пүрэв.Батмөнх,854,Гомбо.Нармандах,16,17,16,20,17.2
Мэдээллийн систем,Чулуун.Одонтуяа,855,Содном.Нарантуяа,15,15,17,15,15.5
Компьютерийн ухаан,Жамбал.Доржготов,856,Балдан.Дэмчигдорж,12,17,14,15,14.5
Программ хангамж,Дорж.Туяа,857,Намдаг.Баттөр,10,13,9,8,10.0
Мэдээллийн технологи,Лодой.Ундрал,858,Содном.Батсайхан,18,16,20,15,17.2
Мультимедийн технологи,Жигмэд.Самбуу,859,Галсан.Энхзул,18,18,18,17,17.8
Мэдээллийн систем,Нацаг.Буянтогтох,860,Санжаа.Дэлгэрцэцэг,16,20,17,20,18.2
Компьютерийн ухаан,Пүрэв.Оюун,861,Гомбо.Энхзул,13,16,15,18,15.5
Программ хангамж,Жамц.Ганболд,862,Жигмэд.Гэрэлмаа,13,10,15,13,12.8
Мэдээллийн технологи,Гэлэг.Хулан,863,Жигмэд.Цэдэндамба,14,17,16,20,16.8
Мультимедийн технологи,Лодой.Равдан,864,Гомбо.Энхзул,17,17,18,16,17.0
Мэдээллийн систем,Цэрэн.Оюунбилэг,865,Содном.Нарантуяа,12,14,9,12,11.8
Компьютерийн ухаан,Жигмэд.Батсайхан,866,Лхам.Цэрэнпунцаг,18,20,16,17,17.8
Программ хангамж,Гомбожав.Золзаяа,867,Дорж.Жаргалсайхан,19,19,20,19,19.2
Мэдээллийн технологи,Содном.Одонтуяа,868,Бат.Мөнхбаяр,16,15,15,14,15.0
Мультимедийн технологи,Гомбожав.Мандхай,869,Гомбо.Нармандах,13,16,13,16,14.5
Мэдээллийн систем,Дүгэр.Нандин,870,Мөнх.Нямдорж,13,12,11,14,12.5
Компьютерийн ухаан,Нар.Баясгалан,871,Санжаа.Дэлгэрцэцэг,17,13,17,16,15.8
Программ хангамж,Нямаа.Мөнхтулга,872,Балдан.Ундрал,14,18,15,18,16.2
Мэдээллийн технологи,Жигмэд.Цэцэгдэлгэр,873,Намдаг.Гэндэнпэрэнлэй,12,12,15,12,12.8
Мультимедийн технологи,Санжаа.Энхзул,874,Лодой.Хулан,14,18,13,17,15.5
Мэдээллийн систем,Жамбал.Энхбат,875,Лхам.Оюун,16,15,14,15,15.0
Компьютерийн ухаан,Нар.Хулан,876,Галсан.Самбуу,17,19,17,15,17.0
Программ хангамж,Мөнх.Зоригоо,877,Жигмэд.Гэрэлмаа,11,15,11,9,11.5
Мэдээллийн технологи,Нацаг.Хулан,878,Энх.Амарсайхан,14,19,13,15,15.2
Мультимедийн технологи,Цэвэл.Батсайхан,879,Содном.Ганболд,15,15,14,18,15.5
Мэдээллийн систем,Норов.Мөнхтулга,880,Лодой.Хулан,16,14,17,16,15.8
Компьютерийн ухаан,Сүрэн.Орхон,881,Жигмэд.Цэдэндамба,13,18,15,19,16.2
Программ хангамж,Намдаг.Алтансүх,882,Лхам.Цэрэнпунцаг,20,19,20,18,19.2
Мэдээллийн технологи,Нацаг.Намсрай,883,Содном.Батсайхан,16,19,14,18,16.8
Мультимедийн технологи,Намдаг.Оюунцэцэг,884,Энх.Амарсайхан,12,14,9,9,11.0
Мэдээллийн систем,Сүрэн.Дулмаа,885,Галсан.Самбуу,20,18,17,14,17.2
Компьютерийн ухаан,Ринчин.Бурмаа,886,Гомбо.Нармандах,16,17,15,15,15.8
Программ хангамж,Дүгэр.Батчимэг,887,Сүрэн.Гэрэлтуяа,16,20,18,19,18.2
Мэдээллийн технологи,Мөнх.Батзориг,888,Санжаа.Дэлгэрцэцэг,15,15,13,18,15.2
Мультимедийн технологи,Сүрэн.Одгэрэл,889,Жигмэд.Гэрэлмаа,15,13,18,14,15.0
Мэдээллийн систем,Намдаг.Мөнхцэцэг,890,Сүрэн.Гэрэлтуяа,18,18,18,20,18.5
Компьютерийн ухаан,Санжаа.Энхтөр,891,Гомбо.Энхзул,17,16,17,15,16.2
Программ хангамж,Буян.Золзаяа,892,Мөнх.Нямдорж,12,18,15,19,16.0
Мэдээллийн технологи,Балдан.Баяраа,893,Мөнх.Нямдорж,15,16,14,16,15.2
Мультимедийн технологи,Равжаа.Батчулуун,894,Намдаг.Баттөр,14,13,16,12,13.8
Мэдээллийн систем,Норов.Энхбат,895,Галсан.Самбуу,11,14,9,11,11.2
Компьютерийн ухаан,Дорж.Хулан,896,Лодой.Хулан,16,18,15,16,16.2
Программ хангамж,Энх.Нарантуяа,897,Энх.Мөнхтөр,11,10,10,15,11.5
Мэдээллийн технологи,Ган.Нямдорж,898,Жигмэд.Цэдэндамба,11,10,12,13,11.5
Мультимедийн технологи,Намдаг.Ундрал,899,Шагдар.Бадамсүрэн,10,14,12,13,12.2
Мэдээллийн систем,Баатар.Нармандах,900,Ринчин.Батзориг,16,16,19,16,16.8
